Search Alias,Search Value
search-alias=alexa-skills,Alexa Skills
search-alias=amazon-devices,Amazon Devices
search-alias=instant-video,Amazon Video
search-alias=warehouse-deals,Amazon Warehouse Deals
search-alias=appliances,Appliances
search-alias=mobile-apps,Apps &amp; Games
search-alias=arts-crafts Arts, Crafts &amp; Sewing
search-alias=automotive,Automotive Parts &amp; Accessories
search-alias=baby-products,Baby
search-alias=beauty,Beauty &amp; Personal Care
search-alias=stripbooks,Books
search-alias=popular,CDs &amp; Vinyl
search-alias=mobile,Cell Phones &amp; Accessories
search-alias=fashion,Clothing Shoes &amp; Jewelry
search-alias=fashion-womens,Women
search-alias=fashion-mens,Men
search-alias=fashion-girls,Girls
search-alias=fashion-boys,Boys
search-alias=fashion-baby,Baby
search-alias=collectibles,Collectibles &amp; Fine Art
search-alias=computers,Computers
search-alias=courses,Courses
search-alias=financial,Credit and Payment Cards
search-alias=digital-music,Digital Music
search-alias=electronics,Electronics
search-alias=lawngarden,Garden &amp; Outdoor
search-alias=gift-cards,Gift Cards
search-alias=grocery,Grocery &amp; Gourmet Food
search-alias=handmade,Handmade
search-alias=hpc,Health Household &amp; Baby Care
search-alias=local-services,Home &amp; Business Services
search-alias=garden,Home &amp; Kitchen
search-alias=industrial,Industrial &amp; Scientific
search-alias=digital-text,Kindle Store
search-alias=fashion-luggage,Luggage &amp; Travel Gear
search-alias=luxury-beauty,Luxury Beauty
search-alias=magazines,Magazine Subscriptions
search-alias=movies-tv,Movies &amp; TV
search-alias=mi,Musical Instruments
search-alias=office-products,Office Products
search-alias=pets,Pet Supplies
search-alias=prime-exclusive,Prime Exclusive Savings
search-alias=pantry,Prime Pantry
search-alias=software,Software
search-alias=sporting,Sports &amp; Outdoors
search-alias=tools,Tools &amp; Home Improvement
search-alias=toys-and-games,Toys &amp; Games
search-alias=vehicles,Vehicles
search-alias=videogames,Video Games
search-alias=wine,Wine

https://www.amazon.com/s/ref=nb_sb_noss?url=search-alias%3Dfashion-womens&field-keywords=Women