Item Name,Item Image,Item Url
Whiskey Glasses - Forest Landscape - Set of Two 11oz. Tumblers,https://images-na.ssl-images-amazon.com/images/I/41XAlOybHLL._AC_US200_.jpg,https://www.amazon.com/Whiskey-Glasses-Forest-Landscape-Tumblers/dp/B01DLCWLWI/?tag=myprezeo-20
Ministry of Magic Toilet Harry Potter Decal Sticker Vinyl Die Cut Decal Sticker for Toilet Decoration,https://images-na.ssl-images-amazon.com/images/I/412vIyrvy0L._AC_US200_.jpg,https://www.amazon.com/Ministry-Toilet-Potter-Sticker-Decoration/dp/B016CE9E68/?tag=myprezeo-20
"Captain Cat America 11x14 Inch Reproduction Vintage Dictionary Art Print With ""Captain"" Definition - Unframed",https://images-na.ssl-images-amazon.com/images/I/51-HWsNUxbL._AC_US200_.jpg,https://www.amazon.com/Reproduction-Vintage-Dictionary-Art-Definition/dp/B06XB4HRGZ/?tag=myprezeo-20
SAME DAY SHIPPING GIFT TIL 2PM CDT 16K Gold Your Name Bar Bracelet - Personalized Gold Plated bar Delicate Hand Stamp bridesmaid Wedding Graduation Gift Christmas,https://images-na.ssl-images-amazon.com/images/I/31cmksNnfIL._AC_US200_.jpg,https://www.amazon.com/SAME-SHIPPING-GIFT-Gold-Bracelet/dp/B015NSJ11W/?tag=myprezeo-20
Faux Gold and Silver Tiny Nose Rings Fake Body Jewelry No Piercing Needed Set of Two,https://images-na.ssl-images-amazon.com/images/I/41uCMZFWKFL._AC_US200_.jpg,https://www.amazon.com/Silver-Rings-Jewelry-Piercing-Needed/dp/B01BDLY9J2/?tag=myprezeo-20
"Whenever You Feel Overwhelmed...Remember Whose Daughter You Are and Straighten Your Crown | Inspirational Wall Art | 8x10 Inch Gold Foil Art Print | Christian Gift for Women, Teens & Girls | Sympathy",https://images-na.ssl-images-amazon.com/images/I/51-VI82-VqL._AC_US200_.jpg,https://www.amazon.com/Whenever-Overwhelmed-Straighten-Inspirational-Christian/dp/B01IMKHVCE/?tag=myprezeo-20
Silver Family Tree Necklace - DII ABC - Grandma Gift - Personalized Children's Name Mother's Day Birthstone Jewelry - 1.25 Inch Washer Swarovski Crystals,https://images-na.ssl-images-amazon.com/images/I/51+FTc0amkL._AC_US200_.jpg,https://www.amazon.com/Silver-Family-Tree-Necklace-Personalized/dp/B01N4SL3OE/?tag=myprezeo-20
Patchwork Heart Laser Cut Wood Ornament (Christmas / Holiday / Anniversary / Newlyweds / Keepsake),https://images-na.ssl-images-amazon.com/images/I/51pEO7H-NEL._AC_US200_.jpg,https://www.amazon.com/Patchwork-Ornament-Christmas-Anniversary-Newlyweds/dp/B01M0DFX2T/?tag=myprezeo-20
"NUMBER ONE SELLING Sea Turtle Leather Necklace for NAUTICAL SEA GLASS, Leather Sea Glass Necklace, Sea Glass Jewelry, Sea Foam Mint Leather Necklace, Christmas gifts for her, Unisex Necklace",https://images-na.ssl-images-amazon.com/images/I/41EONcqWW5L._AC_US200_.jpg,https://www.amazon.com/Sea-Necklace-NAUTICAL-Glass-Christmas/dp/B01EP4BPGY/?tag=myprezeo-20
"EAGLE Wing Wire Wrapped Vintage Genuine Leather 3 Strand Unisex Bracelet 8.2"" Alloy NEW Magnetic Clasp Hematite Stunning Wristband Fashion Cuff for Men Women, Stylish 3-Tier Comfort Fit Band",https://images-na.ssl-images-amazon.com/images/I/41A9EaUVDxL._AC_US200_.jpg,https://www.amazon.com/Bracelet-Magnetic-Hematite-Stunning-Wristband/dp/B01I2E4ZDS/?tag=myprezeo-20
Owl Drink to That - Stemless Wine Glass - Owls Decoration - Handmade - Owl Housewarming Gifts - Christmas - Owl Kitchen Decor - Presents,https://images-na.ssl-images-amazon.com/images/I/41vrvtPJ1FL._AC_US200_.jpg,https://www.amazon.com/Owl-Drink-That-Decoration-Housewarming/dp/B01M599LUA/?tag=myprezeo-20
"New Home Ornament 2017, 1st Christmas In Our New House, First Home Ornament Housewarming Gifts Xmas Present Idea Ceramic Keepsake 3"" Flat Circle Porcelain with Red Ribbon & Free Box",https://images-na.ssl-images-amazon.com/images/I/514EgdJQgCL._AC_US200_.jpg,https://www.amazon.com/Ornament-Christmas-Housewarming-Keepsake-Porcelain/dp/B076598NL8/?tag=myprezeo-20
Pickle - Bottle Opener,https://images-na.ssl-images-amazon.com/images/I/61ygW-wVREL._AC_US200_.jpg,https://www.amazon.com/Hip-Flask-Plus-Pickle-Bottle/dp/B075F84GYK/?tag=myprezeo-20
"Pegai Personalized Magnetic Distressed Leather iPhone Wallet Case for X / 6 / 6 Plus / 6S / 6S Plus / 7 / 7 Plus / 8 / 8 Plus, Rustic Phone Wallet, Easy to Use iPhone Folio Case, McLean Chestnut Brown",https://images-na.ssl-images-amazon.com/images/I/61oMbq506xL._AC_US200_.jpg,https://www.amazon.com/Pegai-Personalized-Magnetic-Distressed-Chestnut/dp/B06XBTGG85/?tag=myprezeo-20
"Gift for Teacher - I Teach, Therefore, I Drink - Handmade - Professor - College - University - Present - Teachers Gifts - Funny Wine Glass - Back To School - Home school",https://images-na.ssl-images-amazon.com/images/I/41Q9mRug6eL._AC_US200_.jpg,https://www.amazon.com/Gift-Teacher-Therefore-Professor-University/dp/B01K9XIPWC/?tag=myprezeo-20
Engineer Definition Funny Coffee or Tea Mug,https://images-na.ssl-images-amazon.com/images/I/411tuAoHZTL._AC_US200_.jpg,https://www.amazon.com/Engineer-Definition-Funny-Coffee-Tea/dp/B01I461CVC/?tag=myprezeo-20
"Into the Forest, John Muir Nature Quote, Dictionary Page Art Print, 8x11 UNFRAMED",https://images-na.ssl-images-amazon.com/images/I/61gO7pIqkJL._AC_US200_.jpg,https://www.amazon.com/Forest-Nature-Quote-Dictionary-UNFRAMED/dp/B01MT84O94/?tag=myprezeo-20
Mason Jar Sconce Mason Jar Decor Wall Sconce Mason Jar Wall Decor Rustic Decor Set Of 2,https://images-na.ssl-images-amazon.com/images/I/51cBqPO51ZL._AC_US200_.jpg,https://www.amazon.com/Mason-Sconce-Decor-Wall-Rustic/dp/B01M8K2GJU/?tag=myprezeo-20
Lovers Crossroads - Personalized Wedding or Anniversary Print. Keepsake Poster includes Names and the Special Date - Perfect Gift for the Newlyweds.,https://images-na.ssl-images-amazon.com/images/I/51ET4q92g2L._AC_US200_.jpg,https://www.amazon.com/Lovers-Crossroads-Personalized-Anniversary-Newlyweds/dp/B01JFF1MFM/?tag=myprezeo-20
"Retirement Gift Beer Glass for Men, Goodbye Tension, Hello Pension Etched 16 oz Pint Glass - PG16",https://images-na.ssl-images-amazon.com/images/I/41tnzEvFtrL._AC_US200_.jpg,https://www.amazon.com/Retirement-Goodbye-Tension-Pension-Etched/dp/B01MUGBJ8X/?tag=myprezeo-20
"Horse Necklace - Horseback Riding Rodeo Jewelry - Horse Lover Gift - Little Girls Gift - Personalized Birthstone, Initial, & Chain Length - Fast Shipping",https://images-na.ssl-images-amazon.com/images/I/51ePaatyWML._AC_US200_.jpg,https://www.amazon.com/Horse-Necklace-Horseback-Personalized-Birthstone/dp/B01M7473IT/?tag=myprezeo-20
"Best friend necklace, BFF Necklace, friendship necklace for 2, Gold dainty necklace, simulated gemstone necklace",https://images-na.ssl-images-amazon.com/images/I/51WtFgPiw8L._AC_US200_.jpg,https://www.amazon.com/necklace-Necklace-friendship-simulated-gemstone/dp/B01LWEHWHA/?tag=myprezeo-20
"Premium Game of Thrones Wine Glasses, Set of 2, Thats What I Do I Drink and I Know Things, Mother of Dragons, Hand Etched 14.2oz Stemless Gifts, Made in USA, Sand Carved by Integrity Bottles",https://images-na.ssl-images-amazon.com/images/I/41HvEU-IvWL._AC_US200_.jpg,https://www.amazon.com/Premium-Thrones-Stemless-Integrity-Bottles/dp/B076BDR3Q1/?tag=myprezeo-20
SAME DAY SHIPPING GIFT TIL 2PM CDT A Personalized Name Bar Bracelet 16K Plated Plate Charms Hand Stamp or Computer Diamond Engraving bridesmaid Wedding Graduation Birthday Anniversary Gift,https://images-na.ssl-images-amazon.com/images/I/41ayA1GBC8L._AC_US200_.jpg,https://www.amazon.com/Personalized-Engraving-bridesmaid-Graduation-Anniversary/dp/B019TQUGM2/?tag=myprezeo-20
"Retirement Gift Whiskey Glass for Men, Goodbye Tension, Hello Pension Etched 11 oz Rocks Glass - RG16",https://images-na.ssl-images-amazon.com/images/I/51lapaG1g6L._AC_US200_.jpg,https://www.amazon.com/Retirement-Whiskey-Goodbye-Tension-Pension/dp/B01MRBPGYA/?tag=myprezeo-20
Unique Tree Branch Drop Bronze-Tone Brass-Tone Aromatherapy Necklace Essential Oil Diffuser Locket Pendant Jewelry Lariat Y-Style w/reusable felt pads!,https://images-na.ssl-images-amazon.com/images/I/41w2NP+AdRL._AC_US200_.jpg,https://www.amazon.com/Bronze-Tone-Brass-Tone-Aromatherapy-Necklace-Essential/dp/B015LK1HSM/?tag=myprezeo-20
"Key Holder, Key Hanger, Wall Key Rack, Wall Key Holder, Key Holders, Personalized Gift, Home, Housewarming Gift, Wedding Gift",https://images-na.ssl-images-amazon.com/images/I/41OENYgnVfL._AC_US200_.jpg,https://www.amazon.com/Holders-Personalized-Gift-Housewarming-Wedding/dp/B01890VGP0/?tag=myprezeo-20
Elephant With Butterflies (#1) Upcycled Vintage Dictionary Art Print 8x10,https://images-na.ssl-images-amazon.com/images/I/51FaP9lg3oL._AC_US200_.jpg,https://www.amazon.com/Elephant-Butterflies-Vintage-Dictionary-Art/dp/B015X3LY26/?tag=myprezeo-20
"Retirement Gift Wine Glass for Women, Goodbye Tension, Hello Pension Etched Wine Glass - WG16",https://images-na.ssl-images-amazon.com/images/I/419ezbmpTZL._AC_US200_.jpg,https://www.amazon.com/Retirement-Goodbye-Tension-Pension-Etched/dp/B01KUPSKU6/?tag=myprezeo-20
Ornament - I'm Pickle Santa - Raw Wood 2x4in,https://images-na.ssl-images-amazon.com/images/I/61V3H3gErTL._AC_US200_.jpg,https://www.amazon.com/Ornament-Pickle-Santa-Wood-2x4in/dp/B075KLCY5G/?tag=myprezeo-20
"Mr & Mrs Ornament 2017, First Christmas as Mr & Mrs, 1st Married Christmas Porcelain Ornament, 3"" Flat Circle Christmas Ornament w Glossy Glaze, Red Ribbon & Free Gift Box | OR00044 Loughlin",https://images-na.ssl-images-amazon.com/images/I/61fwTzuJJ9L._AC_US200_.jpg,https://www.amazon.com/Ornament-Christmas-Married-Porcelain-Loughlin/dp/B01N97FAZZ/?tag=myprezeo-20
Gentleman Giraffe Upcycled Vintage Dictionary Art Print 8x10,https://images-na.ssl-images-amazon.com/images/I/51lu-mUiXQL._AC_US200_.jpg,https://www.amazon.com/Gentleman-Upcycled-Vintage-Dictionary-Art/dp/B016RDKEAO/?tag=myprezeo-20
Buttery Brew // Buttered Rum + Spice + Vanilla // Scented Soy Candle // 14oz Glass,https://images-na.ssl-images-amazon.com/images/I/41J-BEvl5QL._AC_US200_.jpg,https://www.amazon.com/Buttery-Buttered-Vanilla-Scented-Candle/dp/B01MQFPNWK/?tag=myprezeo-20
Hand stamped Custom Coordinates Necklace in Gold Silver Rose Gold Personalized Name Initial Gifts - 4N,https://images-na.ssl-images-amazon.com/images/I/51NM+4i2B6L._AC_US200_.jpg,https://www.amazon.com/stamped-Coordinates-Necklace-Personalized-Initial/dp/B015GT60BM/?tag=myprezeo-20
Periodic Table Mug - I Use This Mug Periodically - Ceramic Coffee Mug 11 Ounces,https://images-na.ssl-images-amazon.com/images/I/51O6XZSbutL._AC_US200_.jpg,https://www.amazon.com/Periodic-Table-Mug-Periodically-Ceramic/dp/B01A3DEK0Y/?tag=myprezeo-20
Minimal Simple Long Rose Gold Plated Bar Dangle Earrings,https://images-na.ssl-images-amazon.com/images/I/31GmfFPsYNL._AC_US200_.jpg,https://www.amazon.com/Minimal-Simple-Plated-Dangle-Earrings/dp/B01M1CS0RS/?tag=myprezeo-20
"Our First Christmas Together 2017, Gifts Couple Engaged Keepsake Ornament, Rustic Boyfriend Girlfriend 1st Xmas Farmhouse Collectible Present 3"" Flat Circle Porcelain w/ Gold Ribbon & Free Gift Box",https://images-na.ssl-images-amazon.com/images/I/61xd8O55qCL._AC_US200_.jpg,https://www.amazon.com/Christmas-Boyfriend-Girlfriend-Farmhouse-Collectible/dp/B076QML6QG/?tag=myprezeo-20
Personalized Miniature Steak Branding Iron by Sloan Brands,https://images-na.ssl-images-amazon.com/images/I/51xXwLkjE+L._AC_US200_.jpg,https://www.amazon.com/Personalized-Miniature-Branding-Sloan-Brands/dp/B01GNHL5JI/?tag=myprezeo-20
"Bath Bombs Gift Set - Luxury Organic & Natural Ingredients - Safe for Kids – Relaxing Epsom Himalayan & Dead Sea Salts, Lush Essential Oils – Handmade in USA - Spa Fizzies-Vegan",https://images-na.ssl-images-amazon.com/images/I/61En0J1EQ4L._AC_US200_.jpg,https://www.amazon.com/Bath-Bombs-Gift-Set-Fizzies-Vegan/dp/B072LHFRGZ/?tag=myprezeo-20
Ranunculus Laser Cut Wood Journal (Notebook / Women / To Write In / Handmade),https://images-na.ssl-images-amazon.com/images/I/51IWbHkFenL._AC_US200_.jpg,https://www.amazon.com/Ranunculus-Laser-Journal-Notebook-Handmade/dp/B06XCJ2S47/?tag=myprezeo-20
Yard Farkle Score Card with Rules on the back. Laminated - for use with a dry erase marker(not included),https://images-na.ssl-images-amazon.com/images/I/51gGRpZo7oL._AC_US200_.jpg,https://www.amazon.com/Farkle-Score-Rules-back-Laminated/dp/B01LZAFSZ9/?tag=myprezeo-20
I Found that Humerus - Funny Coffee Mug Gift for Doctors or Other Hilarious People,https://images-na.ssl-images-amazon.com/images/I/41d8mLfx27L._AC_US200_.jpg,https://www.amazon.com/Found-that-Humerus-Doctors-Hilarious/dp/B071Y39XRB/?tag=myprezeo-20
Floral Heart Laser Cut Wood Ornament (Christmas / Holiday / Anniversary / Newlyweds / Keepsake),https://images-na.ssl-images-amazon.com/images/I/51uwpneLXYL._AC_US200_.jpg,https://www.amazon.com/Ornament-Christmas-Anniversary-Newlyweds-Keepsake/dp/B01M10WBI2/?tag=myprezeo-20
"Personalized Children Birthstone Mother Necklace for Mom, Mother Day Gift for Mom, Gold, Silver Jewelry, gift for wife",https://images-na.ssl-images-amazon.com/images/I/41uu19BJgHL._AC_US200_.jpg,https://www.amazon.com/Personalized-Children-Birthstone-Necklace-Jewelry/dp/B01A91W8UO/?tag=myprezeo-20
Minimal Simple Long Gold Plated Bar Dangle Earrings,https://images-na.ssl-images-amazon.com/images/I/31dyLp8a0kL._AC_US200_.jpg,https://www.amazon.com/Minimal-Simple-Plated-Dangle-Earrings/dp/B01KSM2OVW/?tag=myprezeo-20
Hello Kitty Inspired Stemless Wine Glass White Wine Red Wine Glass,https://images-na.ssl-images-amazon.com/images/I/41jr6sIRP-L._AC_US200_.jpg,https://www.amazon.com/Hello-Kitty-Inspired-Stemless-Glass/dp/B01NAQWDYC/?tag=myprezeo-20
"60 Christmas Gift Labels, Christmas Gift Wrapping To/From Labels (#521)",https://images-na.ssl-images-amazon.com/images/I/41kfYBg-2cL._AC_US200_.jpg,https://www.amazon.com/Christmas-Gift-Labels-Wrapping-521/dp/B01HSC4QWK/?tag=myprezeo-20
"Leather Sea Glass Necklace, NAUTICAL SEA GLASS, Leather Sea Glass Necklace, Sea Glass Jewelry, Leather Jewelry, Recycled Sea Glass, Unisex Necklace, Man Jewelry",https://images-na.ssl-images-amazon.com/images/I/41CVGsaoVPL._AC_US200_.jpg,https://www.amazon.com/Sea-Glass-Necklace-NAUTICAL-Recycled/dp/B0197IH5FS/?tag=myprezeo-20
Miss to Mrs Canvas Makeup Bag Bride Gift Make Up Pouch Cosmetic Pouch Cosmetic Bag Makeup Organizer Bride To Be Gift Bridal Shower Gift,https://images-na.ssl-images-amazon.com/images/I/51q129hY9KL._AC_US200_.jpg,https://www.amazon.com/Canvas-Makeup-Cosmetic-Organizer-Bridal/dp/B06VWH9VRK/?tag=myprezeo-20
"Gift for Son, Christmas Ornament 2017 Sons In The Hearts of Mothers Poem Present Idea, Mom from Young or Grown Child Xmas Ceramic Farmhouse Keepsake 3"" Flat Circle Porcelain with Red Ribbon & Free Box",https://images-na.ssl-images-amazon.com/images/I/614xTBjlT2L._AC_US200_.jpg,https://www.amazon.com/Christmas-Ornament-Farmhouse-Keepsake-Porcelain/dp/B076586K5N/?tag=myprezeo-20
Remember Making a Wish on a Dandelion ? Seed Wishes in Hand Blown Glass Pendant and Necklace Set with gift box. Best Friends Daughters Sisters Military Brats Moms and Grandmas,https://images-na.ssl-images-amazon.com/images/I/51TddQGQ6hL._AC_US200_.jpg,https://www.amazon.com/Remember-Dandelion-Necklace-Daughters-Military/dp/B01I8KSNLG/?tag=myprezeo-20
Personalized Medical EKG Heart Littmann Stethoscope Id Tag,https://images-na.ssl-images-amazon.com/images/I/51g0OzvCEaL._AC_US200_.jpg,https://www.amazon.com/Personalized-Medical-Heart-Littmann-Stethoscope/dp/B01NBRUJ8L/?tag=myprezeo-20
"1st Christmas as Mommy & Daddy 2017, New Parents Ornament, Deer Family Porcelain Ornament, 3"" Flat Circle Christmas Ornament with Glossy Glaze, White Ribbon & Free Gift Box | OR00037 Curtis",https://images-na.ssl-images-amazon.com/images/I/51fKEQZZArL._AC_US200_.jpg,https://www.amazon.com/Christmas-Parents-Ornament-Porcelain-OR00037/dp/B01N1QKE2A/?tag=myprezeo-20
A Whale Of A Good Time - Upcycled Vintage Dictionary Art Print 8x10,https://images-na.ssl-images-amazon.com/images/I/51NiP4N9YRL._AC_US200_.jpg,https://www.amazon.com/Whale-Good-Time-Upcycled-Dictionary/dp/B017FSO7X0/?tag=myprezeo-20
Personalized Gamer Name decal - 3d looking Gamer Room Wall Vinyl Decal Sticker,https://images-na.ssl-images-amazon.com/images/I/41C6JGSr5YL._AC_US200_.jpg,https://www.amazon.com/Personalized-Gamer-Name-decal-looking/dp/B016CEAEMG/?tag=myprezeo-20
"Funny Coffee Mug for Men / Gentleman And Scholar But Mostly a Baller Mug, Boss Mug, Graduate Coffee Mug, Father's Day Mug - DeLuce Design",https://images-na.ssl-images-amazon.com/images/I/41rFi-kGCeL._AC_US200_.jpg,https://www.amazon.com/Coffee-Gentleman-Scholar-Graduate-Fathers/dp/B01LKA9WXO/?tag=myprezeo-20
"Monogram Initial Name Decal Sticker for Yeti Cups, Tumblers, Laptops, Car Windows",https://images-na.ssl-images-amazon.com/images/I/41G-qMa2tGL._AC_US200_.jpg,https://www.amazon.com/Monogram-Initial-Sticker-Tumblers-Laptops/dp/B01MZA8XPY/?tag=myprezeo-20
Personalized Engraved Wine Glass with ANY text - WG04,https://images-na.ssl-images-amazon.com/images/I/31C4b1PrXpL._AC_US200_.jpg,https://www.amazon.com/Personalized-Engraved-Wine-Glass-text/dp/B016PFQBYC/?tag=myprezeo-20
"Premium Game of Thrones Wine Glass, Thats What I Do I Drink and I Know Things, Hand Etched 14.2 oz Stemless Gifts, Made in USA, Sand Carved by Integrity Bottles",https://images-na.ssl-images-amazon.com/images/I/41e9NofBIUL._AC_US200_.jpg,https://www.amazon.com/Premium-Thrones-Stemless-Integrity-Bottles/dp/B072C7NTL2/?tag=myprezeo-20
"Set of 2 Ear Cuffs, Ear Cuff, Double Ear Cuff and Criss Cross Ear Cuff, No Piercing, Cartilage Ear Cuff, Simple Ear Cuff, Fake Cartilage Earring, 20 Gauge Gold Filled",https://images-na.ssl-images-amazon.com/images/I/51hQlR3cIUL._AC_US200_.jpg,https://www.amazon.com/Double-Piercing-Cartilage-Simple-Earring/dp/B01KQXCWZG/?tag=myprezeo-20
Whiskey Glasses - Forest Landscape - Set of Two 11oz. Tumblers,https://images-na.ssl-images-amazon.com/images/I/41XAlOybHLL._AC_US200_.jpg,https://www.amazon.com/Whiskey-Glasses-Forest-Landscape-Tumblers/dp/B01DLCWLWI/?tag=myprezeo-20
Ministry of Magic Toilet Harry Potter Decal Sticker Vinyl Die Cut Decal Sticker for Toilet Decoration,https://images-na.ssl-images-amazon.com/images/I/412vIyrvy0L._AC_US200_.jpg,https://www.amazon.com/Ministry-Toilet-Potter-Sticker-Decoration/dp/B016CE9E68/?tag=myprezeo-20
"Captain Cat America 11x14 Inch Reproduction Vintage Dictionary Art Print With ""Captain"" Definition - Unframed",https://images-na.ssl-images-amazon.com/images/I/51-HWsNUxbL._AC_US200_.jpg,https://www.amazon.com/Reproduction-Vintage-Dictionary-Art-Definition/dp/B06XB4HRGZ/?tag=myprezeo-20
SAME DAY SHIPPING GIFT TIL 2PM CDT 16K Gold Your Name Bar Bracelet - Personalized Gold Plated bar Delicate Hand Stamp bridesmaid Wedding Graduation Gift Christmas,https://images-na.ssl-images-amazon.com/images/I/31cmksNnfIL._AC_US200_.jpg,https://www.amazon.com/SAME-SHIPPING-GIFT-Gold-Bracelet/dp/B015NSJ11W/?tag=myprezeo-20
Faux Gold and Silver Tiny Nose Rings Fake Body Jewelry No Piercing Needed Set of Two,https://images-na.ssl-images-amazon.com/images/I/41uCMZFWKFL._AC_US200_.jpg,https://www.amazon.com/Silver-Rings-Jewelry-Piercing-Needed/dp/B01BDLY9J2/?tag=myprezeo-20
"Whenever You Feel Overwhelmed...Remember Whose Daughter You Are and Straighten Your Crown | Inspirational Wall Art | 8x10 Inch Gold Foil Art Print | Christian Gift for Women, Teens & Girls | Sympathy",https://images-na.ssl-images-amazon.com/images/I/51-VI82-VqL._AC_US200_.jpg,https://www.amazon.com/Whenever-Overwhelmed-Straighten-Inspirational-Christian/dp/B01IMKHVCE/?tag=myprezeo-20
Silver Family Tree Necklace - DII ABC - Grandma Gift - Personalized Children's Name Mother's Day Birthstone Jewelry - 1.25 Inch Washer Swarovski Crystals,https://images-na.ssl-images-amazon.com/images/I/51+FTc0amkL._AC_US200_.jpg,https://www.amazon.com/Silver-Family-Tree-Necklace-Personalized/dp/B01N4SL3OE/?tag=myprezeo-20
Patchwork Heart Laser Cut Wood Ornament (Christmas / Holiday / Anniversary / Newlyweds / Keepsake),https://images-na.ssl-images-amazon.com/images/I/51pEO7H-NEL._AC_US200_.jpg,https://www.amazon.com/Patchwork-Ornament-Christmas-Anniversary-Newlyweds/dp/B01M0DFX2T/?tag=myprezeo-20
"NUMBER ONE SELLING Sea Turtle Leather Necklace for NAUTICAL SEA GLASS, Leather Sea Glass Necklace, Sea Glass Jewelry, Sea Foam Mint Leather Necklace, Christmas gifts for her, Unisex Necklace",https://images-na.ssl-images-amazon.com/images/I/41EONcqWW5L._AC_US200_.jpg,https://www.amazon.com/Sea-Necklace-NAUTICAL-Glass-Christmas/dp/B01EP4BPGY/?tag=myprezeo-20
"EAGLE Wing Wire Wrapped Vintage Genuine Leather 3 Strand Unisex Bracelet 8.2"" Alloy NEW Magnetic Clasp Hematite Stunning Wristband Fashion Cuff for Men Women, Stylish 3-Tier Comfort Fit Band",https://images-na.ssl-images-amazon.com/images/I/41A9EaUVDxL._AC_US200_.jpg,https://www.amazon.com/Bracelet-Magnetic-Hematite-Stunning-Wristband/dp/B01I2E4ZDS/?tag=myprezeo-20
Owl Drink to That - Stemless Wine Glass - Owls Decoration - Handmade - Owl Housewarming Gifts - Christmas - Owl Kitchen Decor - Presents,https://images-na.ssl-images-amazon.com/images/I/41vrvtPJ1FL._AC_US200_.jpg,https://www.amazon.com/Owl-Drink-That-Decoration-Housewarming/dp/B01M599LUA/?tag=myprezeo-20
"New Home Ornament 2017, 1st Christmas In Our New House, First Home Ornament Housewarming Gifts Xmas Present Idea Ceramic Keepsake 3"" Flat Circle Porcelain with Red Ribbon & Free Box",https://images-na.ssl-images-amazon.com/images/I/514EgdJQgCL._AC_US200_.jpg,https://www.amazon.com/Ornament-Christmas-Housewarming-Keepsake-Porcelain/dp/B076598NL8/?tag=myprezeo-20
Pickle - Bottle Opener,https://images-na.ssl-images-amazon.com/images/I/61ygW-wVREL._AC_US200_.jpg,https://www.amazon.com/Hip-Flask-Plus-Pickle-Bottle/dp/B075F84GYK/?tag=myprezeo-20
"Pegai Personalized Magnetic Distressed Leather iPhone Wallet Case for X / 6 / 6 Plus / 6S / 6S Plus / 7 / 7 Plus / 8 / 8 Plus, Rustic Phone Wallet, Easy to Use iPhone Folio Case, McLean Chestnut Brown",https://images-na.ssl-images-amazon.com/images/I/61oMbq506xL._AC_US200_.jpg,https://www.amazon.com/Pegai-Personalized-Magnetic-Distressed-Chestnut/dp/B06XBTGG85/?tag=myprezeo-20
"Gift for Teacher - I Teach, Therefore, I Drink - Handmade - Professor - College - University - Present - Teachers Gifts - Funny Wine Glass - Back To School - Home school",https://images-na.ssl-images-amazon.com/images/I/41Q9mRug6eL._AC_US200_.jpg,https://www.amazon.com/Gift-Teacher-Therefore-Professor-University/dp/B01K9XIPWC/?tag=myprezeo-20
Engineer Definition Funny Coffee or Tea Mug,https://images-na.ssl-images-amazon.com/images/I/411tuAoHZTL._AC_US200_.jpg,https://www.amazon.com/Engineer-Definition-Funny-Coffee-Tea/dp/B01I461CVC/?tag=myprezeo-20
"Into the Forest, John Muir Nature Quote, Dictionary Page Art Print, 8x11 UNFRAMED",https://images-na.ssl-images-amazon.com/images/I/61gO7pIqkJL._AC_US200_.jpg,https://www.amazon.com/Forest-Nature-Quote-Dictionary-UNFRAMED/dp/B01MT84O94/?tag=myprezeo-20
Mason Jar Sconce Mason Jar Decor Wall Sconce Mason Jar Wall Decor Rustic Decor Set Of 2,https://images-na.ssl-images-amazon.com/images/I/51cBqPO51ZL._AC_US200_.jpg,https://www.amazon.com/Mason-Sconce-Decor-Wall-Rustic/dp/B01M8K2GJU/?tag=myprezeo-20
Lovers Crossroads - Personalized Wedding or Anniversary Print. Keepsake Poster includes Names and the Special Date - Perfect Gift for the Newlyweds.,https://images-na.ssl-images-amazon.com/images/I/51ET4q92g2L._AC_US200_.jpg,https://www.amazon.com/Lovers-Crossroads-Personalized-Anniversary-Newlyweds/dp/B01JFF1MFM/?tag=myprezeo-20
"Retirement Gift Beer Glass for Men, Goodbye Tension, Hello Pension Etched 16 oz Pint Glass - PG16",https://images-na.ssl-images-amazon.com/images/I/41tnzEvFtrL._AC_US200_.jpg,https://www.amazon.com/Retirement-Goodbye-Tension-Pension-Etched/dp/B01MUGBJ8X/?tag=myprezeo-20
"Horse Necklace - Horseback Riding Rodeo Jewelry - Horse Lover Gift - Little Girls Gift - Personalized Birthstone, Initial, & Chain Length - Fast Shipping",https://images-na.ssl-images-amazon.com/images/I/51ePaatyWML._AC_US200_.jpg,https://www.amazon.com/Horse-Necklace-Horseback-Personalized-Birthstone/dp/B01M7473IT/?tag=myprezeo-20
"Best friend necklace, BFF Necklace, friendship necklace for 2, Gold dainty necklace, simulated gemstone necklace",https://images-na.ssl-images-amazon.com/images/I/51WtFgPiw8L._AC_US200_.jpg,https://www.amazon.com/necklace-Necklace-friendship-simulated-gemstone/dp/B01LWEHWHA/?tag=myprezeo-20
"Premium Game of Thrones Wine Glasses, Set of 2, Thats What I Do I Drink and I Know Things, Mother of Dragons, Hand Etched 14.2oz Stemless Gifts, Made in USA, Sand Carved by Integrity Bottles",https://images-na.ssl-images-amazon.com/images/I/41HvEU-IvWL._AC_US200_.jpg,https://www.amazon.com/Premium-Thrones-Stemless-Integrity-Bottles/dp/B076BDR3Q1/?tag=myprezeo-20
SAME DAY SHIPPING GIFT TIL 2PM CDT A Personalized Name Bar Bracelet 16K Plated Plate Charms Hand Stamp or Computer Diamond Engraving bridesmaid Wedding Graduation Birthday Anniversary Gift,https://images-na.ssl-images-amazon.com/images/I/41ayA1GBC8L._AC_US200_.jpg,https://www.amazon.com/Personalized-Engraving-bridesmaid-Graduation-Anniversary/dp/B019TQUGM2/?tag=myprezeo-20
"Retirement Gift Whiskey Glass for Men, Goodbye Tension, Hello Pension Etched 11 oz Rocks Glass - RG16",https://images-na.ssl-images-amazon.com/images/I/51lapaG1g6L._AC_US200_.jpg,https://www.amazon.com/Retirement-Whiskey-Goodbye-Tension-Pension/dp/B01MRBPGYA/?tag=myprezeo-20
Unique Tree Branch Drop Bronze-Tone Brass-Tone Aromatherapy Necklace Essential Oil Diffuser Locket Pendant Jewelry Lariat Y-Style w/reusable felt pads!,https://images-na.ssl-images-amazon.com/images/I/41w2NP+AdRL._AC_US200_.jpg,https://www.amazon.com/Bronze-Tone-Brass-Tone-Aromatherapy-Necklace-Essential/dp/B015LK1HSM/?tag=myprezeo-20
"Key Holder, Key Hanger, Wall Key Rack, Wall Key Holder, Key Holders, Personalized Gift, Home, Housewarming Gift, Wedding Gift",https://images-na.ssl-images-amazon.com/images/I/41OENYgnVfL._AC_US200_.jpg,https://www.amazon.com/Holders-Personalized-Gift-Housewarming-Wedding/dp/B01890VGP0/?tag=myprezeo-20
Elephant With Butterflies (#1) Upcycled Vintage Dictionary Art Print 8x10,https://images-na.ssl-images-amazon.com/images/I/51FaP9lg3oL._AC_US200_.jpg,https://www.amazon.com/Elephant-Butterflies-Vintage-Dictionary-Art/dp/B015X3LY26/?tag=myprezeo-20
"Retirement Gift Wine Glass for Women, Goodbye Tension, Hello Pension Etched Wine Glass - WG16",https://images-na.ssl-images-amazon.com/images/I/419ezbmpTZL._AC_US200_.jpg,https://www.amazon.com/Retirement-Goodbye-Tension-Pension-Etched/dp/B01KUPSKU6/?tag=myprezeo-20
Ornament - I'm Pickle Santa - Raw Wood 2x4in,https://images-na.ssl-images-amazon.com/images/I/61V3H3gErTL._AC_US200_.jpg,https://www.amazon.com/Ornament-Pickle-Santa-Wood-2x4in/dp/B075KLCY5G/?tag=myprezeo-20
"Mr & Mrs Ornament 2017, First Christmas as Mr & Mrs, 1st Married Christmas Porcelain Ornament, 3"" Flat Circle Christmas Ornament w Glossy Glaze, Red Ribbon & Free Gift Box | OR00044 Loughlin",https://images-na.ssl-images-amazon.com/images/I/61fwTzuJJ9L._AC_US200_.jpg,https://www.amazon.com/Ornament-Christmas-Married-Porcelain-Loughlin/dp/B01N97FAZZ/?tag=myprezeo-20
Gentleman Giraffe Upcycled Vintage Dictionary Art Print 8x10,https://images-na.ssl-images-amazon.com/images/I/51lu-mUiXQL._AC_US200_.jpg,https://www.amazon.com/Gentleman-Upcycled-Vintage-Dictionary-Art/dp/B016RDKEAO/?tag=myprezeo-20
Buttery Brew // Buttered Rum + Spice + Vanilla // Scented Soy Candle // 14oz Glass,https://images-na.ssl-images-amazon.com/images/I/41J-BEvl5QL._AC_US200_.jpg,https://www.amazon.com/Buttery-Buttered-Vanilla-Scented-Candle/dp/B01MQFPNWK/?tag=myprezeo-20
Hand stamped Custom Coordinates Necklace in Gold Silver Rose Gold Personalized Name Initial Gifts - 4N,https://images-na.ssl-images-amazon.com/images/I/51NM+4i2B6L._AC_US200_.jpg,https://www.amazon.com/stamped-Coordinates-Necklace-Personalized-Initial/dp/B015GT60BM/?tag=myprezeo-20
Periodic Table Mug - I Use This Mug Periodically - Ceramic Coffee Mug 11 Ounces,https://images-na.ssl-images-amazon.com/images/I/51O6XZSbutL._AC_US200_.jpg,https://www.amazon.com/Periodic-Table-Mug-Periodically-Ceramic/dp/B01A3DEK0Y/?tag=myprezeo-20
Minimal Simple Long Rose Gold Plated Bar Dangle Earrings,https://images-na.ssl-images-amazon.com/images/I/31GmfFPsYNL._AC_US200_.jpg,https://www.amazon.com/Minimal-Simple-Plated-Dangle-Earrings/dp/B01M1CS0RS/?tag=myprezeo-20
"Our First Christmas Together 2017, Gifts Couple Engaged Keepsake Ornament, Rustic Boyfriend Girlfriend 1st Xmas Farmhouse Collectible Present 3"" Flat Circle Porcelain w/ Gold Ribbon & Free Gift Box",https://images-na.ssl-images-amazon.com/images/I/61xd8O55qCL._AC_US200_.jpg,https://www.amazon.com/Christmas-Boyfriend-Girlfriend-Farmhouse-Collectible/dp/B076QML6QG/?tag=myprezeo-20
Personalized Miniature Steak Branding Iron by Sloan Brands,https://images-na.ssl-images-amazon.com/images/I/51xXwLkjE+L._AC_US200_.jpg,https://www.amazon.com/Personalized-Miniature-Branding-Sloan-Brands/dp/B01GNHL5JI/?tag=myprezeo-20
"Bath Bombs Gift Set - Luxury Organic & Natural Ingredients - Safe for Kids – Relaxing Epsom Himalayan & Dead Sea Salts, Lush Essential Oils – Handmade in USA - Spa Fizzies-Vegan",https://images-na.ssl-images-amazon.com/images/I/61En0J1EQ4L._AC_US200_.jpg,https://www.amazon.com/Bath-Bombs-Gift-Set-Fizzies-Vegan/dp/B072LHFRGZ/?tag=myprezeo-20
Ranunculus Laser Cut Wood Journal (Notebook / Women / To Write In / Handmade),https://images-na.ssl-images-amazon.com/images/I/51IWbHkFenL._AC_US200_.jpg,https://www.amazon.com/Ranunculus-Laser-Journal-Notebook-Handmade/dp/B06XCJ2S47/?tag=myprezeo-20
Yard Farkle Score Card with Rules on the back. Laminated - for use with a dry erase marker(not included),https://images-na.ssl-images-amazon.com/images/I/51gGRpZo7oL._AC_US200_.jpg,https://www.amazon.com/Farkle-Score-Rules-back-Laminated/dp/B01LZAFSZ9/?tag=myprezeo-20
I Found that Humerus - Funny Coffee Mug Gift for Doctors or Other Hilarious People,https://images-na.ssl-images-amazon.com/images/I/41d8mLfx27L._AC_US200_.jpg,https://www.amazon.com/Found-that-Humerus-Doctors-Hilarious/dp/B071Y39XRB/?tag=myprezeo-20
Floral Heart Laser Cut Wood Ornament (Christmas / Holiday / Anniversary / Newlyweds / Keepsake),https://images-na.ssl-images-amazon.com/images/I/51uwpneLXYL._AC_US200_.jpg,https://www.amazon.com/Ornament-Christmas-Anniversary-Newlyweds-Keepsake/dp/B01M10WBI2/?tag=myprezeo-20
"Personalized Children Birthstone Mother Necklace for Mom, Mother Day Gift for Mom, Gold, Silver Jewelry, gift for wife",https://images-na.ssl-images-amazon.com/images/I/41uu19BJgHL._AC_US200_.jpg,https://www.amazon.com/Personalized-Children-Birthstone-Necklace-Jewelry/dp/B01A91W8UO/?tag=myprezeo-20
Minimal Simple Long Gold Plated Bar Dangle Earrings,https://images-na.ssl-images-amazon.com/images/I/31dyLp8a0kL._AC_US200_.jpg,https://www.amazon.com/Minimal-Simple-Plated-Dangle-Earrings/dp/B01KSM2OVW/?tag=myprezeo-20
Hello Kitty Inspired Stemless Wine Glass White Wine Red Wine Glass,https://images-na.ssl-images-amazon.com/images/I/41jr6sIRP-L._AC_US200_.jpg,https://www.amazon.com/Hello-Kitty-Inspired-Stemless-Glass/dp/B01NAQWDYC/?tag=myprezeo-20
"60 Christmas Gift Labels, Christmas Gift Wrapping To/From Labels (#521)",https://images-na.ssl-images-amazon.com/images/I/41kfYBg-2cL._AC_US200_.jpg,https://www.amazon.com/Christmas-Gift-Labels-Wrapping-521/dp/B01HSC4QWK/?tag=myprezeo-20
"Leather Sea Glass Necklace, NAUTICAL SEA GLASS, Leather Sea Glass Necklace, Sea Glass Jewelry, Leather Jewelry, Recycled Sea Glass, Unisex Necklace, Man Jewelry",https://images-na.ssl-images-amazon.com/images/I/41CVGsaoVPL._AC_US200_.jpg,https://www.amazon.com/Sea-Glass-Necklace-NAUTICAL-Recycled/dp/B0197IH5FS/?tag=myprezeo-20
Miss to Mrs Canvas Makeup Bag Bride Gift Make Up Pouch Cosmetic Pouch Cosmetic Bag Makeup Organizer Bride To Be Gift Bridal Shower Gift,https://images-na.ssl-images-amazon.com/images/I/51q129hY9KL._AC_US200_.jpg,https://www.amazon.com/Canvas-Makeup-Cosmetic-Organizer-Bridal/dp/B06VWH9VRK/?tag=myprezeo-20
"Gift for Son, Christmas Ornament 2017 Sons In The Hearts of Mothers Poem Present Idea, Mom from Young or Grown Child Xmas Ceramic Farmhouse Keepsake 3"" Flat Circle Porcelain with Red Ribbon & Free Box",https://images-na.ssl-images-amazon.com/images/I/614xTBjlT2L._AC_US200_.jpg,https://www.amazon.com/Christmas-Ornament-Farmhouse-Keepsake-Porcelain/dp/B076586K5N/?tag=myprezeo-20
Remember Making a Wish on a Dandelion ? Seed Wishes in Hand Blown Glass Pendant and Necklace Set with gift box. Best Friends Daughters Sisters Military Brats Moms and Grandmas,https://images-na.ssl-images-amazon.com/images/I/51TddQGQ6hL._AC_US200_.jpg,https://www.amazon.com/Remember-Dandelion-Necklace-Daughters-Military/dp/B01I8KSNLG/?tag=myprezeo-20
Personalized Medical EKG Heart Littmann Stethoscope Id Tag,https://images-na.ssl-images-amazon.com/images/I/51g0OzvCEaL._AC_US200_.jpg,https://www.amazon.com/Personalized-Medical-Heart-Littmann-Stethoscope/dp/B01NBRUJ8L/?tag=myprezeo-20
"1st Christmas as Mommy & Daddy 2017, New Parents Ornament, Deer Family Porcelain Ornament, 3"" Flat Circle Christmas Ornament with Glossy Glaze, White Ribbon & Free Gift Box | OR00037 Curtis",https://images-na.ssl-images-amazon.com/images/I/51fKEQZZArL._AC_US200_.jpg,https://www.amazon.com/Christmas-Parents-Ornament-Porcelain-OR00037/dp/B01N1QKE2A/?tag=myprezeo-20
A Whale Of A Good Time - Upcycled Vintage Dictionary Art Print 8x10,https://images-na.ssl-images-amazon.com/images/I/51NiP4N9YRL._AC_US200_.jpg,https://www.amazon.com/Whale-Good-Time-Upcycled-Dictionary/dp/B017FSO7X0/?tag=myprezeo-20
Personalized Gamer Name decal - 3d looking Gamer Room Wall Vinyl Decal Sticker,https://images-na.ssl-images-amazon.com/images/I/41C6JGSr5YL._AC_US200_.jpg,https://www.amazon.com/Personalized-Gamer-Name-decal-looking/dp/B016CEAEMG/?tag=myprezeo-20
"Funny Coffee Mug for Men / Gentleman And Scholar But Mostly a Baller Mug, Boss Mug, Graduate Coffee Mug, Father's Day Mug - DeLuce Design",https://images-na.ssl-images-amazon.com/images/I/41rFi-kGCeL._AC_US200_.jpg,https://www.amazon.com/Coffee-Gentleman-Scholar-Graduate-Fathers/dp/B01LKA9WXO/?tag=myprezeo-20
"Monogram Initial Name Decal Sticker for Yeti Cups, Tumblers, Laptops, Car Windows",https://images-na.ssl-images-amazon.com/images/I/41G-qMa2tGL._AC_US200_.jpg,https://www.amazon.com/Monogram-Initial-Sticker-Tumblers-Laptops/dp/B01MZA8XPY/?tag=myprezeo-20
Personalized Engraved Wine Glass with ANY text - WG04,https://images-na.ssl-images-amazon.com/images/I/31C4b1PrXpL._AC_US200_.jpg,https://www.amazon.com/Personalized-Engraved-Wine-Glass-text/dp/B016PFQBYC/?tag=myprezeo-20
"Premium Game of Thrones Wine Glass, Thats What I Do I Drink and I Know Things, Hand Etched 14.2 oz Stemless Gifts, Made in USA, Sand Carved by Integrity Bottles",https://images-na.ssl-images-amazon.com/images/I/41e9NofBIUL._AC_US200_.jpg,https://www.amazon.com/Premium-Thrones-Stemless-Integrity-Bottles/dp/B072C7NTL2/?tag=myprezeo-20
"Set of 2 Ear Cuffs, Ear Cuff, Double Ear Cuff and Criss Cross Ear Cuff, No Piercing, Cartilage Ear Cuff, Simple Ear Cuff, Fake Cartilage Earring, 20 Gauge Gold Filled",https://images-na.ssl-images-amazon.com/images/I/51hQlR3cIUL._AC_US200_.jpg,https://www.amazon.com/Double-Piercing-Cartilage-Simple-Earring/dp/B01KQXCWZG/?tag=myprezeo-20
