sub_category_name_1,sub_category_url_1
Headphones & Headsets,https://www.lazada.com.ph/shop-audio-headphones
Live Sound & Stage Equipment,https://www.lazada.com.ph/shop-portable-audio-live-sound-stage
Microphones,https://www.lazada.com.ph/shop-portable-audio-microphones
MP3/MP4,https://www.lazada.com.ph/shop-mp3-players
PA Systems,https://www.lazada.com.ph/shop-pa-systems
Portable Players,https://www.lazada.com.ph/shop-mp3-players-ipods
Portable Speakers,https://www.lazada.com.ph/shop-portable-speakers-for-tv
Radio & CD players,https://www.lazada.com.ph/shop-portable-cd-players
Smart Speakers,https://www.lazada.com.ph/shop-smart-speakers
Voice Recorders,https://www.lazada.com.ph/shop-digital-voice-recorder
Bridge,https://www.lazada.com.ph/shop-bridge-cameras
Car Cameras,https://www.lazada.com.ph/shop-car-cameras
DSLR,https://www.lazada.com.ph/shop-dslr
Gadgets & Other Cameras,https://www.lazada.com.ph/shop-gadgets-other-cameras
Instant Camera,https://www.lazada.com.ph/shop-instant-digital-camera
Mirrorless,https://www.lazada.com.ph/shop-mirrorless
Optics,https://www.lazada.com.ph/shop-optics
Point & Shoot,https://www.lazada.com.ph/shop-point-shoot
Security Cameras & Systems,https://www.lazada.com.ph/shop-security-cameras
Video & Action Camcorder,https://www.lazada.com.ph/shop-video-action-camcorder
All-In-One Desktop,https://www.lazada.com.ph/shop-all-in-one-desktops
DIY Desktop,https://www.lazada.com.ph/shop-diy-desktops
Gaming Desktop,https://www.lazada.com.ph/shop-gaming-desktops
Drones,https://www.lazada.com.ph/shop-drones
Drones Accessories,https://www.lazada.com.ph/shop-drone-accessories
Amplifiers & Receivers,https://www.lazada.com.ph/shop-home-audio-amplifiers-av-receivers
Center Speakers,https://www.lazada.com.ph/shop-center-channel-speakers-home-theater
Floor Speakers,https://www.lazada.com.ph/shop-floorstanding-speakers-home-theater
Hi-Fi Systems,https://www.lazada.com.ph/shop-hi-fi-systems
Home Audio Accessories,https://www.lazada.com.ph/shop-home-audio-accessories
Home Theater Systems,https://www.lazada.com.ph/shop-home-theater-systems
Karaoke Systems,https://www.lazada.com.ph/shop-karaoke-systems
Soundbars,https://www.lazada.com.ph/shop-soundbar-speakers-home-theater
Subwoofer Speakers,https://www.lazada.com.ph/shop-subwoofers-home-theater
Turntables,https://www.lazada.com.ph/shop-turntables-home-audio
2-in-1s Laptops,https://www.lazada.com.ph/shop-2in1-laptops
Chromebooks,https://www.lazada.com.ph/shop-chromebook
Gaming Laptops,https://www.lazada.com.ph/shop-gaming-laptops
Macbooks,https://www.lazada.com.ph/shop-macbook
Traditional Laptops,https://www.lazada.com.ph/shop-traditional-laptops
Landline Phones,https://www.lazada.com.ph/shop-landline-phones
Mobiles,https://www.lazada.com.ph/shop-mobiles
Business Printers,https://www.lazada.com.ph/shop-single-function-ink-jet
Dot Matrix Printers,https://www.lazada.com.ph/shop-single-function-dot-matrix
Inkjet Printers,https://www.lazada.com.ph/shop-multi-function-ink-jet
Inkjet Inks,https://www.lazada.com.ph/shop-inkjet-inks
Label Printers,https://www.lazada.com.ph/shop-label-printer
Laser Jet Printers,https://www.lazada.com.ph/shop-multi-function-laser-jet
Laser Toners,https://www.lazada.com.ph/shop-laser-toner-ink
Photo Printers,https://www.lazada.com.ph/shop-single-function-laser-jet
Scanners,https://www.lazada.com.ph/shop-computer-scanners
CRT Televisions,https://www.lazada.com.ph/shop-crt-televisions
LCD Televisions,https://www.lazada.com.ph/shop-lcd-televisions
LED Televisions,https://www.lazada.com.ph/shop-led-televisions
OLED Televisions,https://www.lazada.com.ph/shop-oled-tvs
Plasma Televisions,https://www.lazada.com.ph/shop-plasma-televisions
QLED Televisions,https://www.lazada.com.ph/shop-qled-televisions
Smart Televisions,https://www.lazada.com.ph/shop-smart-televisions
Batteries,https://www.lazada.com.ph/shop-camera-batteries
Battery Chargers,https://www.lazada.com.ph/shop-camera-battery-chargers
"Camera Cases, Covers and Bags",https://www.lazada.com.ph/shop-camera-bags
Flashes,https://www.lazada.com.ph/shop-flashes
Gimbals & Stabilizers,https://www.lazada.com.ph/shop-gimbals-stabilizer
Lenses,https://www.lazada.com.ph/shop-lenses
Lighting & Studio Equipment,https://www.lazada.com.ph/shop-lighting-studio-equipment
Memory Cards,https://www.lazada.com.ph/shop-camera-memory-card
Action Camera Accessories,https://www.lazada.com.ph/shop-sport-action-camera-accessories
Tripods & Monopods,https://www.lazada.com.ph/shop-tripods-monopods
Adapters & Cables,https://www.lazada.com.ph/shop-computer-laptop-adapters-cables
Batteries,https://www.lazada.com.ph/shop-computer-batteries
Drawing Tools,https://www.lazada.com.ph/shop-computer-drawing-tools
Mice,https://www.lazada.com.ph/shop-computer-mouse
Monitors,https://www.lazada.com.ph/shop-computer-monitors
Mousepads,https://www.lazada.com.ph/shop-mousepads
PC Audio,https://www.lazada.com.ph/shop-pc-audio
Power Cord & Adaptors,https://www.lazada.com.ph/shop-computer-adapters
Software,https://www.lazada.com.ph/shop-computer-software
Tablet Keyboards,https://www.lazada.com.ph/shop-tablet-keyboard
Desktop Casings,https://www.lazada.com.ph/shop-computer-cabinets
Desktop Front Bay Devices,https://www.lazada.com.ph/shop-internal-optical-drives
Fans & Heatsinks,https://www.lazada.com.ph/shop-computer-fans-heatsinks
Graphic Cards,https://www.lazada.com.ph/shop-graphic-cards
Motherboards,https://www.lazada.com.ph/shop-motherboards
PC Water Cooling System,https://www.lazada.com.ph/shop-water-cooling-system
Power Supply Units,https://www.lazada.com.ph/shop-computer-power-supply-units
Processors,https://www.lazada.com.ph/shop-computer-processors
RAM,https://www.lazada.com.ph/shop-ram
Sound Cards,https://www.lazada.com.ph/shop-computer-sound-cards
Batteries,https://www.lazada.com.ph/shop-chargers-batteries
Cables & Converters,https://www.lazada.com.ph/shop-mobile-cables
Car Mounts,https://www.lazada.com.ph/shop-car-mounts
Fashion Mobile Accessories,https://www.lazada.com.ph/shop-mobile-charms
Parts & Tools,https://www.lazada.com.ph/shop-mobiles-tablets-parts-tools
Phone Cases,https://www.lazada.com.ph/shop-phone-cases
Power Banks,https://www.lazada.com.ph/shop-power-bank
Prepaid Cards,https://www.lazada.com.ph/shop-pre-paid-cards
Screen Protectors,https://www.lazada.com.ph/shop-screen-protectors
Wall Chargers,https://www.lazada.com.ph/shop-wired-mobile-chargers
3D Glasses,https://www.lazada.com.ph/shop-3d-glasses
Antennas,https://www.lazada.com.ph/shop-antennas
Blu-Ray/DVD Players,https://www.lazada.com.ph/shop-blu-ray-players
Cables,https://www.lazada.com.ph/shop-tv-cables
Media Players,https://www.lazada.com.ph/shop-video-media-players
Projectors,https://www.lazada.com.ph/shop-projectors-2
TV Adapters,https://www.lazada.com.ph/shop-tv-adapters
TV Receivers,https://www.lazada.com.ph/shop-tv-receivers
TV Remote Controllers,https://www.lazada.com.ph/shop-accessories-remote-controllers
Wall Mounts & Protectors,https://www.lazada.com.ph/shop-accessories-tv-wall-mounts
Electronic Cigarettes,https://www.lazada.com.ph/shop-gadgets-electronic-cigarettes
Laser Pointers,https://www.lazada.com.ph/shop-laser-pointers-gadgets
Metal Detectors,https://www.lazada.com.ph/shop-metal-detectors
Selfie Sticks,https://www.lazada.com.ph/shop-phone-selfie-sticks
Stylus Pens,https://www.lazada.com.ph/shop-tablet-stylus-pen
Universal Chargers,https://www.lazada.com.ph/shop-universal-chargers
Walkie-Talkies,https://www.lazada.com.ph/shop-walkie-talkie
Webcams,https://www.lazada.com.ph/shop-webcams
Wireless Chargers,https://www.lazada.com.ph/shop-wireless-mobile-chargers
Access Points,https://www.lazada.com.ph/shop-access-points
Airport Routers,https://www.lazada.com.ph/shop-airport-routers
Mobile Broadband,https://www.lazada.com.ph/shop-mobile-broadband
Modems,https://www.lazada.com.ph/shop-modems
Network Adaptors,https://www.lazada.com.ph/shop-network-adaptors
Network Interface Cards,https://www.lazada.com.ph/shop-network-interface-cards
Network Switches,https://www.lazada.com.ph/shop-computer-switches
Range Extender,https://www.lazada.com.ph/shop-range-extender
Routers,https://www.lazada.com.ph/shop-routers
Wireless USB Adapters,https://www.lazada.com.ph/shop-wireless-usb-adapters
External Hard Drives,https://www.lazada.com.ph/shop-external-hard-drives
External Solid State Drives,https://www.lazada.com.ph/shop-external-solid-state-drive
Flash Drives,https://www.lazada.com.ph/shop-usb-flash-drives
Internal Hard Drives,https://www.lazada.com.ph/shop-internal-hard-drives
Internal Solid State Drives,https://www.lazada.com.ph/shop-solid-state-drives
NAS,https://www.lazada.com.ph/shop-nas
OTG Drives,https://www.lazada.com.ph/shop-otg-drives
Storage for Mac,https://www.lazada.com.ph/shop-mac-storage
Fitness & Activity Trackers,https://www.lazada.com.ph/shop-fitness-trackers
Fitness Tracker Accessories,https://www.lazada.com.ph/shop-activity-tracker-accessories
Gesture Control,https://www.lazada.com.ph/shop-gesture-control
Smart Glasses,https://www.lazada.com.ph/shop-smart-glasses
Smart Trackers,https://www.lazada.com.ph/shop-smart-tracking
Smartwatches,https://www.lazada.com.ph/shop-gadgets-smart-watches
Smartwatches Accessories,https://www.lazada.com.ph/shop-smartwatch-accessories
Virtual Reality,https://www.lazada.com.ph/shop-vr
Air Conditioners,https://www.lazada.com.ph/shop-air-conditioners
Air Coolers,https://www.lazada.com.ph/shop-air-coolers
Air Curtain,https://www.lazada.com.ph/temporary-air-curtain
Air Purifiers,https://www.lazada.com.ph/shop-air-purifiers
Dehumidifiers,https://www.lazada.com.ph/shop-dehumidifiers
Exhaust Fans,https://www.lazada.com.ph/shop-exhaust-fans
Fans,https://www.lazada.com.ph/shop-fans
Heaters,https://www.lazada.com.ph/shop-heaters
Humidifiers,https://www.lazada.com.ph/shop-humidifiers
Water Heaters,https://www.lazada.com.ph/shop-water-heaters
Amplifiers & Receivers,https://www.lazada.com.ph/shop-home-audio-amplifiers-av-receivers
Center Speakers,https://www.lazada.com.ph/shop-center-channel-speakers-home-theater
Floor Speakers,https://www.lazada.com.ph/shop-floorstanding-speakers-home-theater
Hi-Fi Systems,https://www.lazada.com.ph/shop-hi-fi-systems
Home Audio Accessories,https://www.lazada.com.ph/shop-home-audio-accessories
Home Theater Systems,https://www.lazada.com.ph/shop-home-theater-systems
Karaoke Systems,https://www.lazada.com.ph/shop-karaoke-systems
Soundbars,https://www.lazada.com.ph/shop-soundbar-speakers-home-theater
Subwoofer Speakers,https://www.lazada.com.ph/shop-subwoofers-home-theater
Turntables,https://www.lazada.com.ph/shop-turntables-home-audio
Cooktops & Ranges,https://www.lazada.com.ph/shop-cooktops-ranges
Freezers,https://www.lazada.com.ph/shop-freezers
Gas Stoves,https://www.lazada.com.ph/shop-gas-stoves
Microwaves,https://www.lazada.com.ph/shop-large-microwaves
Ovens,https://www.lazada.com.ph/shop-ovens
Range Hoods,https://www.lazada.com.ph/shop-hoods
Refrigerators,https://www.lazada.com.ph/shop-refrigerators
Water Dispensers,https://www.lazada.com.ph/shop-appliances-water-dispensers
Water Purifiers,https://www.lazada.com.ph/shop-water-purifiers
Wine Cellars,https://www.lazada.com.ph/shop-wine-cellars
Coffee Machines & Accessories,https://www.lazada.com.ph/shop-coffee-machines-accessories
Electric Contact Grills,https://www.lazada.com.ph/shop-electric-grills
Electric Kettles & Thermo Pots,https://www.lazada.com.ph/shop-electric-kettles-thermo-pots
Electric Sandwich Makers,https://www.lazada.com.ph/shop-sandwich-makers
Food Preparation,https://www.lazada.com.ph/shop-food-preparation
Fryers,https://www.lazada.com.ph/shop-fryers
Juicers & Fruit Extractors,https://www.lazada.com.ph/shop-juicers-fruit-extractors
Rice Cookers,https://www.lazada.com.ph/shop-rice-cookers
Specialty Cookware,https://www.lazada.com.ph/shop-small-specialty-cookware
CRT Televisions,https://www.lazada.com.ph/shop-crt-televisions
LCD Televisions,https://www.lazada.com.ph/shop-lcd-televisions
LED Televisions,https://www.lazada.com.ph/shop-led-televisions
OLED Televisions,https://www.lazada.com.ph/shop-oled-tvs
Plasma Televisions,https://www.lazada.com.ph/shop-plasma-televisions
QLED Televisions,https://www.lazada.com.ph/shop-qled-televisions
Smart Televisions,https://www.lazada.com.ph/shop-smart-televisions
3D Glasses,https://www.lazada.com.ph/shop-3d-glasses
Antennas,https://www.lazada.com.ph/shop-antennas
Blu-Ray/DVD Players,https://www.lazada.com.ph/shop-blu-ray-players
Cables,https://www.lazada.com.ph/shop-tv-cables
Media Players,https://www.lazada.com.ph/shop-video-media-players
Projectors,https://www.lazada.com.ph/shop-projectors-2
TV Adapters,https://www.lazada.com.ph/shop-tv-adapters
TV Receivers,https://www.lazada.com.ph/shop-tv-receivers
TV Remote Controllers,https://www.lazada.com.ph/shop-accessories-remote-controllers
Wall Mounts & Protectors,https://www.lazada.com.ph/shop-accessories-tv-wall-mounts
Electric Brooms,https://www.lazada.com.ph/shop-electric-brooms
Floor Polishers,https://www.lazada.com.ph/shop-floor-polishers
Steam Mops,https://www.lazada.com.ph/shop-steam-mops
Vacuum Cleaners,https://www.lazada.com.ph/shop-vacuum-cleaners
Vacuum Cleaner Parts,https://www.lazada.com.ph/shop-vacuum-cleaner-parts-accessories
Body & Massage Oils,https://www.lazada.com.ph/shop-body-essential-oils
Body Moisturizers,https://www.lazada.com.ph/shop-bath-body-moisturizers-creams
Body Scrubs,https://www.lazada.com.ph/shop-body-scrubs
Body Soaps & Shower Gels,https://www.lazada.com.ph/shop-body-soaps-wash
Breast Care,https://www.lazada.com.ph/shop-bath-body-breast-care
Foot Care,https://www.lazada.com.ph/shop-foot-care
Hair Removal,https://www.lazada.com.ph/shop-hair-removal
Hand Care,https://www.lazada.com.ph/shop-hand-care
Sun Care for Body,https://www.lazada.com.ph/shop-sunblock
Bath & Body Accessories,https://www.lazada.com.ph/shop-bath-body-accessories
Body Skin Care Tools,https://www.lazada.com.ph/shop-skin-care-tools-body
Curling Irons & Wands,https://www.lazada.com.ph/shop-styling-hair-curlers
Face Skin Care Tools,https://www.lazada.com.ph/shop-skin-care-tools-face
Flat Irons,https://www.lazada.com.ph/shop-styling-hair-straighteners
Foot Relief Tools,https://www.lazada.com.ph/shop-foot-relief
Hair Dryers,https://www.lazada.com.ph/shop-styling-hair-dryers
Hair Removal Appliances,https://www.lazada.com.ph/shop-hair-removal-appliances
Hair Removal Accessories,https://www.lazada.com.ph/shop-hair-removal-appliance-accessories
Multi-stylers,https://www.lazada.com.ph/shop-styling-hair-stylers
Slimming & Electric Massagers,https://www.lazada.com.ph/shop-health-beauty-body-slimming-devices
Women Fragrances,https://www.lazada.com.ph/shop-women-fragrance
Men Fragrances,https://www.lazada.com.ph/shop-men-fragrance
Unisex Fragrances,https://www.lazada.com.ph/shop-unisex-fragrance
Gifts & Value Sets,https://www.lazada.com.ph/shop-bath-body-sets
Hair Accessories,https://www.lazada.com.ph/shop-hair-accessories
Hair Brushes & Combs,https://www.lazada.com.ph/shop-hair-brushes-combs
Hair Coloring,https://www.lazada.com.ph/shop-hair-colors
Hair Conditioner,https://www.lazada.com.ph/shop-conditioners-2
Hair Styling,https://www.lazada.com.ph/shop-hair-styling
Hair Treatments,https://www.lazada.com.ph/shop-hair-treatments
Shampoo,https://www.lazada.com.ph/shop-conditioners
Wig & Hair Extensions & Pads,https://www.lazada.com.ph/shop-hair-wig-extensions-pads
Body,https://www.lazada.com.ph/shop-body-makeup
Eyes,https://www.lazada.com.ph/shop-eyes-makeup
Face,https://www.lazada.com.ph/shop-makeup-face
Lips,https://www.lazada.com.ph/shop-lips
Palettes & Sets,https://www.lazada.com.ph/shop-makeup-kits-sets-palettes
Brushes & Sets,https://www.lazada.com.ph/shop-brushes-applicators
Makeup Removers,https://www.lazada.com.ph/shop-makeup-removers
Nails,https://www.lazada.com.ph/shop-makeup-nails
Makeup Accessories,https://www.lazada.com.ph/shop-makeup-accessories-hb
Bath & Body,https://www.lazada.com.ph/shop-mens-body-care
Condoms,https://www.lazada.com.ph/shop-personal-pleasure-condoms
Deodorants,https://www.lazada.com.ph/shop-men-deodorant
Hair Care,https://www.lazada.com.ph/shop-mens-hair-care
Men's Health Supplements,https://www.lazada.com.ph/shop-mens-health
Sexual Health Vitamins,https://www.lazada.com.ph/shop-sexual-health
Shaving & Grooming,https://www.lazada.com.ph/shop-shaving
Skin Care,https://www.lazada.com.ph/shop-body-skin-care-face
Sports Nutrition,https://www.lazada.com.ph/shop-sports-nutrition
Adult Diapers & Incontinence,https://www.lazada.com.ph/shop-senior-health
Contact Lens,https://www.lazada.com.ph/shop-personal-eye-care
Deodorants,https://www.lazada.com.ph/shop-personal-care-deodorants
Feminine Care,https://www.lazada.com.ph/shop-womans-hygiene
Oral Care,https://www.lazada.com.ph/shop-personal-oral-care
Personal Safety & Security,https://www.lazada.com.ph/shop-personal-safety-security
Sexual Wellness,https://www.lazada.com.ph/shop-sexual-wellness
Dermacare,https://www.lazada.com.ph/shop-dermacare
Eye Care,https://www.lazada.com.ph/shop-eye-cream
Face Mask & Packs,https://www.lazada.com.ph/shop-skincare-face-mask-packs
Face Scrubs & Exfoliators,https://www.lazada.com.ph/shop-skincare-face-scrubs-peels
Facial Cleansers,https://www.lazada.com.ph/shop-face-cleanser
Lip Balm & Treatments,https://www.lazada.com.ph/shop-lip-balm-treatment
Moisturizers & Creams,https://www.lazada.com.ph/shop-skincare-moisturizers-cream
Serum & Essence,https://www.lazada.com.ph/shop-skincare-face-treatments-serums
Sunscreen & Aftersun,https://www.lazada.com.ph/shop-sunscreen-aftersun-lotion
Toner & Mists,https://www.lazada.com.ph/shop-toner-mists
Beauty Supplements,https://www.lazada.com.ph/shop-beauty-supplements
Fat Blockers & Burners,https://www.lazada.com.ph/shop-fat-burners
Men's Health,https://www.lazada.com.ph/shop-mens-health
Multivitamins,https://www.lazada.com.ph/shop-multivitamin-supplements
Pregnancy Health,https://www.lazada.com.ph/shop-pregnancy-care
Protein,https://www.lazada.com.ph/shop-protein
Slimming Beverages,https://www.lazada.com.ph/shop-slimming-beverages
Sports Nutrition,https://www.lazada.com.ph/shop-sports-nutrition
Weight Management,https://www.lazada.com.ph/shop-weight-loss
Well Being,https://www.lazada.com.ph/shop-well-being
First Aid Supplies,https://www.lazada.com.ph/shop-first-aid-supplies
Health Accessories,https://www.lazada.com.ph/shop-health-accessories
Health Monitors & Tests,https://www.lazada.com.ph/shop-health-monitors
Hospital Beds,https://www.lazada.com.ph/shop-hospital-beds
Injury Support & Braces,https://www.lazada.com.ph/shop-injury-support-braces
Medical Tests,https://www.lazada.com.ph/shop-medical-tests
Nebulizers & Aspirators,https://www.lazada.com.ph/shop-nebulizers-aspirators
Ointments & Creams,https://www.lazada.com.ph/shop-ointments-creams
Scales & Body Fat Analyzers,https://www.lazada.com.ph/shop-scale-body-fat-analyzers
Wheelchairs,https://www.lazada.com.ph/shop-wheelchairs
Baby Harnesses & Leashes,https://www.lazada.com.ph/shop-baby-harnesses-leashes
Baby Playards & Playpens,https://www.lazada.com.ph/shop-baby-playards
Baby Travel Systems,https://www.lazada.com.ph/shop-travel-system-car-seats
Baby Walkers,https://www.lazada.com.ph/shop-baby-walkers
Backpacks & Carriers,https://www.lazada.com.ph/shop-baby-carriers
Bicycle Child Seats & Trailers,https://www.lazada.com.ph/shop-bicycle-child-seats-trailers
Car Seats,https://www.lazada.com.ph/shop-car-seats
Kids Bag,https://www.lazada.com.ph/shop-kids-bag-mother-baby
Strollers,https://www.lazada.com.ph/shop-baby-strollers
"Swings, Jumpers & Bouncers",https://www.lazada.com.ph/shop-swings-jumpers-bouncers
Baby Aromatherapy,https://www.lazada.com.ph/shop-baby-aromatherapy
Baby Bath,https://www.lazada.com.ph/shop-baby-bubble-bath
Baby Bath Mats,https://www.lazada.com.ph/shop-baby-non-slip-bath-mats
Bathing Tubs & Seats,https://www.lazada.com.ph/shop-bath-tubs-accessories
Grooming & Healthcare Kits,https://www.lazada.com.ph/shop-grooming-accessories
Shampoo & Conditioners,https://www.lazada.com.ph/shop-baby-shampoos
Skin Care,https://www.lazada.com.ph/shop-baby-skin-care
"Soaps, Cleansers & Bodywash",https://www.lazada.com.ph/shop-baby-soaps-cleaners
Sun Protection,https://www.lazada.com.ph/shop-baby-sun-protection
Washcloths & Towels,https://www.lazada.com.ph/shop-baby-towels
Girls' Clothing,https://www.lazada.com.ph/shop-baby-girls-clothing
Girls' Shoes,https://www.lazada.com.ph/shop-baby-girls-shoes
Girls' Swim Wear,https://www.lazada.com.ph/shop-baby-girls-swim-wear
Boys' Clothing,https://www.lazada.com.ph/shop-baby-boys-clothing
Boys' Shoes,https://www.lazada.com.ph/shop-baby-boys-shoes
Boys' Swim Wear,https://www.lazada.com.ph/shop-baby-boys-swim-wear
New Born Unisex (0 - 6 mnths),https://www.lazada.com.ph/shop-new-born-baby-clothing
New Born Body Suits,https://www.lazada.com.ph/shop-new-born-baby-bodysuits-one-piece
New Born Sets & Packs,https://www.lazada.com.ph/shop-new-born-baby-clothing-sets
"Changing Tables, Pads & Kits",https://www.lazada.com.ph/shop-baby-changing
Cloth Diapers & Accessories,https://www.lazada.com.ph/shop-cloth-diapers-and-accessories
Diaper Bags,https://www.lazada.com.ph/shop-babies-diaper-bags
Diaper Creams & Ointments,https://www.lazada.com.ph/shop-diapering-creams-ointments
Diapering Care,https://www.lazada.com.ph/shop-diapering-care
Disposable Diapers,https://www.lazada.com.ph/shop-disposable-diapers
Potty Training,https://www.lazada.com.ph/shop-potty-training
Stackers & Caddies,https://www.lazada.com.ph/shop-stackers-caddies
Wipes & Holders,https://www.lazada.com.ph/shop-wipes
Baby & Toddler Foods,https://www.lazada.com.ph/shop-baby-food
Baby & Toddler Beverages,https://www.lazada.com.ph/shop-baby-juices-and-drinks
Bottle Feeding,https://www.lazada.com.ph/shop-feeding-bottle
Breast Pumps,https://www.lazada.com.ph/shop-breast-pump
Breastfeeding,https://www.lazada.com.ph/shop-breast-feeding
Food Blenders,https://www.lazada.com.ph/shop-baby-food-processors
Highchairs & Booster Seats,https://www.lazada.com.ph/shop-high-chairs-boosters
Milk Formula,https://www.lazada.com.ph/shop-formula-milk-baby-food
Pillows & Stools,https://www.lazada.com.ph/shop-baby-feeding-pillow-and-stools
Utensils,https://www.lazada.com.ph/shop-baby-utensils
Baby Furniture,https://www.lazada.com.ph/shop-nursery-baby-furniture
Baby Monitors,https://www.lazada.com.ph/shop-baby-monitors
Bathroom Safety,https://www.lazada.com.ph/shop-baby-bathroom-safety
Crib Netting,https://www.lazada.com.ph/shop-baby-crib-netting
Electrical Safety,https://www.lazada.com.ph/shop-baby-electrical-safety
Gates & Doorways,https://www.lazada.com.ph/shop-baby-gates
Mattresses & Bedding,https://www.lazada.com.ph/shop-beddings
Nursery DÃ©cor,https://www.lazada.com.ph/shop-nursery-decor
Sanitizers,https://www.lazada.com.ph/shop-kids-sanitizers
Storage & Organization,https://www.lazada.com.ph/shop-nursery-storage-organization
Activity Gym & Playmats,https://www.lazada.com.ph/shop-activity-gym-playmats
Basic & Life Skills Toys,https://www.lazada.com.ph/shop-basic-life-skills-toys
Bath Toys,https://www.lazada.com.ph/shop-baby-bath-toys
Building Blocks Toys,https://www.lazada.com.ph/shop-blocks-stacks-baby-toys
Crib Toys & Attachments,https://www.lazada.com.ph/shop-baby-crib-toys
Early Development Toys,https://www.lazada.com.ph/shop-early-development-toys
Electronics,https://www.lazada.com.ph/shop-educational-electronic-toys
Indoor Climbers & Structures,https://www.lazada.com.ph/shop-baby-climbers-play-structures
Reading & Writing,https://www.lazada.com.ph/shop-reading-writing-toys
STEM Toys,https://www.lazada.com.ph/shop-stem-toys
Action Figures,https://www.lazada.com.ph/shop-action-figures
Collectibles,https://www.lazada.com.ph/shop-collectibles
Mini-Action Figures,https://www.lazada.com.ph/shop-mini-action-figures
Video Game Characters,https://www.lazada.com.ph/shop-video-game-action-figures
Die-Cast Vehicles,https://www.lazada.com.ph/shop-remote-control-die-cast-vehicles
Drones & Accessories,https://www.lazada.com.ph/shop-drones-and-accessories
Helicopters,https://www.lazada.com.ph/shop-toy-helipcopter
Play Trains & Railway Sets,https://www.lazada.com.ph/shop-model-railway-and-train-sets
Play Vehicles,https://www.lazada.com.ph/shop-play-vehicles-remote-control-toys
RC Vehicles & Batteries,https://www.lazada.com.ph/shop-remote-control-toys
Inflatable Bouncers,https://www.lazada.com.ph/shop-inflatable-bouncers
Kites & Wind Spinners,https://www.lazada.com.ph/shop-kites-and-wind-spinners
Lawn Games,https://www.lazada.com.ph/shop-lawn-games
Outdoor Toys,https://www.lazada.com.ph/shop-outdoor-toys
Play Sets & Playground,https://www.lazada.com.ph/shop-play-sets-and-playground-equipment
Play Tents & Tunnels,https://www.lazada.com.ph/shop-kids-tents
Playhouses,https://www.lazada.com.ph/shop-playhouses
Sports Play,https://www.lazada.com.ph/shop-kids-sports-play-equipment
Swimming Pool & Water Toys,https://www.lazada.com.ph/shop-swimming-pool-and-water-toys
Trampolines,https://www.lazada.com.ph/shop-kids-trampolines
Coffee,https://www.lazada.com.ph/shop-coffee
Flavoring Syrups,https://www.lazada.com.ph/shop-flavoring-syrups
Hot Chocolate Drinks,https://www.lazada.com.ph/shop-hot-chocolate
Juices,https://www.lazada.com.ph/shop-groceries-beverages-juices
Powdered Drink Mixes,https://www.lazada.com.ph/shop-powdered-drink-mixes
Soft Drinks,https://www.lazada.com.ph/shop-groceries-beverages-soft-drinks
Tea,https://www.lazada.com.ph/shop-tea
"UHT, Milk & Milk Powder",https://www.lazada.com.ph/shop-groceries-beverages-uht-milk-milk-powder
Water,https://www.lazada.com.ph/shop-groceries-beverages-water
Biscuit,https://www.lazada.com.ph/shop-biscuit
Breakfast Bars,https://www.lazada.com.ph/shop-protein-bars
Breakfast Cereals,https://www.lazada.com.ph/shop-cold-cereals
Candy Assortments,https://www.lazada.com.ph/shop-candy-assortments
Chocolate,https://www.lazada.com.ph/shop-candy-choclates-assortments
Cookies,https://www.lazada.com.ph/shop-cookies
Instant Breakfast Drinks,https://www.lazada.com.ph/shop-instant-breakfast-drinks
Nuts,https://www.lazada.com.ph/shop-nuts
Oatmeals,https://www.lazada.com.ph/shop-oatmeals
Canned Food,https://www.lazada.com.ph/shop-groceries-canned-dry-packaged-food-canned-food
Condiment Dressing,https://www.lazada.com.ph/condiment-dressing
Cooking Ingredients,https://www.lazada.com.ph/shop-groceries-baking-cooking-cooking-ingredients
Dried Goods,https://www.lazada.com.ph/shop-groceries-canned-dry-packaged-food-dried-goods
"Grains, Beans & Pulses",https://www.lazada.com.ph/shop-groceries-canned-dry-packaged-food-grains-beans-pulses
Home Baking & Sugar,https://www.lazada.com.ph/shop-groceries-baking-cooking-home-baking-sugar
Instant & Ready-to-Eat,https://www.lazada.com.ph/shop-groceries-canned-dry-packaged-food-instant-ready-to-eat
Jarred Food,https://www.lazada.com.ph/shop-groceries-canned-dry-packaged-food-jarred-food
Noodles,https://www.lazada.com.ph/shop-groceries-canned-dry-packaged-food-noodles-pasta-rice-noodles
Rice,https://www.lazada.com.ph/shop-groceries-canned-dry-packaged-food-noodles-pasta-rice-rice
Ice Cream,https://www.lazada.com.ph/shop-groceries-frozen-ice-cream
AirCare,https://www.lazada.com.ph/shop-groceries-laundry-household-aircare
Cleaning,https://www.lazada.com.ph/shop-groceries-laundry-household-cleaning
Dishwashing,https://www.lazada.com.ph/shop-groceries-laundry-household-dishwashing
Laundry,https://www.lazada.com.ph/shop-groceries-laundry-household-laundry
Laundry & Household Sundries,https://www.lazada.com.ph/shop-groceries-laundry-household-laundry-household-sundries-
Paper,https://www.lazada.com.ph/shop-groceries-laundry-household-paper
Pest Control,https://www.lazada.com.ph/shop-groceries-laundry-household-pest-control
Beer,https://www.lazada.com.ph/shop-groceries-wines-beers-spirits-beer
Champagnes & Sparkling Wines,https://www.lazada.com.ph/shop-champagne-sparkling-wines
Cider,https://www.lazada.com.ph/shop-groceries-wines-beers-spirits-cider
Gin,https://www.lazada.com.ph/shop-spirits-gin
Red Wine,https://www.lazada.com.ph/shop-red-wine
Rum,https://www.lazada.com.ph/shop-spirits-rum
Spirits,https://www.lazada.com.ph/shop-wines-spirits-spirits
Vodka,https://www.lazada.com.ph/shop-spirits-vodka
Whisky,https://www.lazada.com.ph/shop-spirits-whisky
White Wine,https://www.lazada.com.ph/shop-white-wine
"Beds, Mats & Houses",https://www.lazada.com.ph/shop-cat-beds-mats-houses
Bowls & Feeders,https://www.lazada.com.ph/shop-cat-bowls-feeders
"Cages, Crates & Doors",https://www.lazada.com.ph/shop-cat-cages-crates-doors
Carriers & Travel,https://www.lazada.com.ph/shop-cat-carriers-travel
Food,https://www.lazada.com.ph/shop-cat-food
Grooming,https://www.lazada.com.ph/shop-cat-grooming-supplies
Litter & Toilet,https://www.lazada.com.ph/shop-cat-clean-up-toilets
Toys,https://www.lazada.com.ph/shop-cat-toys
Treats,https://www.lazada.com.ph/shop-cat-treats
"Trees, Condos & Scratchers",https://www.lazada.com.ph/shop-cat-condo-tree-scratchers
"Beds, Mats & Houses",https://www.lazada.com.ph/shop-dog-beds-mats-houses
Bowls & Feeders,https://www.lazada.com.ph/shop-dog-bowls-feeders
"Cages, Crates & Doors",https://www.lazada.com.ph/shop-dog-cages-pens-doors
Carriers & Travel,https://www.lazada.com.ph/shop-dog-carriers-travel
Fleas & Ticks,https://www.lazada.com.ph/shop-dog-flea-tick
Food,https://www.lazada.com.ph/shop-dog-food
Grooming,https://www.lazada.com.ph/shop-dog-grooming-supplies
"Leashes, Collars & Muzzles",https://www.lazada.com.ph/shop-dog-leashes-collars-muzzles
Toys,https://www.lazada.com.ph/shop-toys-dogs
Treats,https://www.lazada.com.ph/shop-dog-treats
Aquariums,https://www.lazada.com.ph/shop-aquariums
Aquarium Air Pumps,https://www.lazada.com.ph/shop-aquariums-accessories-air-pumps
Aquarium Cleaning Tools,https://www.lazada.com.ph/shop-aquariums-accessories-cleaning-tools
Aquarium Decorations,https://www.lazada.com.ph/shop-aquariums-decorations
Aquarium Filters,https://www.lazada.com.ph/shop-aquariums-accessories-filters
Aquarium Lighting,https://www.lazada.com.ph/shop-aquariums-accessories-lightings
Aquarium Temp Control,https://www.lazada.com.ph/shop-aquariums-accessories-temperature-control-supplies
Aquarium Water Pumps,https://www.lazada.com.ph/shop-aquariums-accessories-water-pumps
Food,https://www.lazada.com.ph/shop-fish-food
Starter Kits,https://www.lazada.com.ph/shop-aquariums-starter-kits
Bath Mats,https://www.lazada.com.ph/shop-bath-mats
Bath Towels,https://www.lazada.com.ph/shop-bath-towels
Bathrobes,https://www.lazada.com.ph/shop-bathrobes
Bathroom Counter Storage,https://www.lazada.com.ph/shop-home-bathroom-storage
Bathroom Mirrors,https://www.lazada.com.ph/shop-bathroom-mirrors
Bathroom Scales,https://www.lazada.com.ph/shop-bathroom-scales
Bathroom Shelving,https://www.lazada.com.ph/shop-bathroom-shelves
Shower Caddies & Hangers,https://www.lazada.com.ph/shop-shower-holders-hangers
Shower Curtains,https://www.lazada.com.ph/shop-shower-curtains
Towel Rails & Warmers,https://www.lazada.com.ph/shop-towel-rails-warmers
Bed Runners & Skirts,https://www.lazada.com.ph/shop-bedding-accessories-2
Bed Sheets,https://www.lazada.com.ph/shop-bedsheets
Bedding Accessories,https://www.lazada.com.ph/shop-bedding-accessories
Bedding Sets,https://www.lazada.com.ph/shop-bedding-sets
Blankets & Throws,https://www.lazada.com.ph/shop-blankets-throws
"Comforters, Quilts & Duvets",https://www.lazada.com.ph/shop-comforters-quilts-duvets
Mattress Pads,https://www.lazada.com.ph/shop-mattress-pads
Mattress Protectors,https://www.lazada.com.ph/shop-mattresses-protectors
Pillow Cases,https://www.lazada.com.ph/shop-pillow-cases
Pillows & Bolsters,https://www.lazada.com.ph/shop-pillows
Artificial Flowers & Plants,https://www.lazada.com.ph/shop-artificial-flowers-plants
Candles & Candleholders,https://www.lazada.com.ph/shop-candles-candleholders
Clocks,https://www.lazada.com.ph/shop-clocks
Curtains,https://www.lazada.com.ph/shop-curtains-blinds-shades
Cushions & Covers,https://www.lazada.com.ph/shop-decorative-pillows-insert-covers
Mirrors,https://www.lazada.com.ph/shop-mirrors
Picture Frames,https://www.lazada.com.ph/shop-picture-frames-other
Rugs & Carpets,https://www.lazada.com.ph/shop-rugs-carpets
Vases & Vessels,https://www.lazada.com.ph/shop-vases-vessels
Wall Stickers & Decals,https://www.lazada.com.ph/shop-wall-stickers
Bedroom,https://www.lazada.com.ph/shop-bedroom-furniture
Gaming Furniture,https://www.lazada.com.ph/shop-game-room-furniture
Hallway & Entry,https://www.lazada.com.ph/shop-hallway-entry-furniture
Home Office,https://www.lazada.com.ph/shop-home-office-furniture
Kids,https://www.lazada.com.ph/shop-kids-baby-furniture
Kitchen & Dining,https://www.lazada.com.ph/shop-kitchen-dining-furniture
Living Room,https://www.lazada.com.ph/shop-living-room-furniture
Outdoor,https://www.lazada.com.ph/shop-outdoor-furniture
Storage & Organisation,https://www.lazada.com.ph/shop-storage-organisation
Bakeware,https://www.lazada.com.ph/shop-bakeware
Coffee & Tea,https://www.lazada.com.ph/shop-coffee-tea-kitchenware
Cookware,https://www.lazada.com.ph/shop-cookware
Dinnerware,https://www.lazada.com.ph/shop-dinnerware
Drinkware,https://www.lazada.com.ph/shop-drinkware-glassware
Kitchen & Table Linen,https://www.lazada.com.ph/shop-kitchen-table-linen-accessories
Kitchen Storage & Accessories,https://www.lazada.com.ph/shop-kitchen-storage
Kitchen Utensils,https://www.lazada.com.ph/shop-kitchen-tools
Knives & Accessories,https://www.lazada.com.ph/shop-kitchen-knives-accessories
Serveware,https://www.lazada.com.ph/shop-serveware
Ceiling Lights,https://www.lazada.com.ph/shop-decorative-ceiling-lights
Floor Lamps,https://www.lazada.com.ph/shop-floor-lamps
Lamp Shades,https://www.lazada.com.ph/shop-lampshades
Light Bulbs,https://www.lazada.com.ph/shop-lighting-bulbs
Lighting Fixtures & Components,https://www.lazada.com.ph/shop-lighting-fixtures-components
Outdoor Lighting,https://www.lazada.com.ph/shop-outdoor-lighting
Rechargeables & Flashlights,https://www.lazada.com.ph/shop-flashlights
Specialty Lighting,https://www.lazada.com.ph/specialty-lighting
Table Lamps,https://www.lazada.com.ph/shop-table-lamps
Wall Lights & Sconces,https://www.lazada.com.ph/shop-wall-lights-sconces
Electrical,https://www.lazada.com.ph/shop-electrical
Fixtures & Plumbing,https://www.lazada.com.ph/shop-plumbing
Hand Tools,https://www.lazada.com.ph/shop-hand-tools
Hardware,https://www.lazada.com.ph/shop-hardware
Ladders & Workbenches,https://www.lazada.com.ph/shop-ladders-workbenches
Lawn & Garden,https://www.lazada.com.ph/shop-lawn-garden
Outdoor,https://www.lazada.com.ph/shop-outdoor
Painting & Decorating,https://www.lazada.com.ph/shop-painting-decorating
Power Tools,https://www.lazada.com.ph/shop-power-tools
Tool Storage & Shelving,https://www.lazada.com.ph/shop-tools-garage-storage
Art Supplies,https://www.lazada.com.ph/shop-art-supplies
Craft Supplies,https://www.lazada.com.ph/shop-craft-supplies
Gifts & Wrapping,https://www.lazada.com.ph/shop-gifts-wrapping
Packaging & Cartons,https://www.lazada.com.ph/shop-packaging-products
Paper Products,https://www.lazada.com.ph/shop-paper-products
School & Office Equipment,https://www.lazada.com.ph/shop-school-supplies
Sewing,https://www.lazada.com.ph/shop-craft-sewing
Writing & Correction,https://www.lazada.com.ph/shop-writing-correction
Calendars,https://www.lazada.com.ph/shop-calendars-online
Chinese Books,https://www.lazada.com.ph/shop-chinese-books
Chinese eBooks,https://www.lazada.com.ph/shop-chinese-ebooks
English Books,https://www.lazada.com.ph/shop-english-books
English eBooks,https://www.lazada.com.ph/shop-english-ebooks
Local Books,https://www.lazada.com.ph/shop-local-books
Local eBooks,https://www.lazada.com.ph/shop-local-ebooks
Magazines,https://www.lazada.com.ph/shop-media-games-music-magazines
Band & Orchestra,https://www.lazada.com.ph/shop-band-orchestra
Bass Guitars,https://www.lazada.com.ph/shop-bass-guitars
"DJ, Karaoke & Electronic Music",https://www.lazada.com.ph/shop-dj-karaoke-electronic-music
Drums & Percussion,https://www.lazada.com.ph/shop-drums-percussion
Guitars,https://www.lazada.com.ph/shop-guitars
Instrument Accessories,https://www.lazada.com.ph/shop-instrument-accessories
Keyboards & Pianos,https://www.lazada.com.ph/shop-keyboards-pianos
Music,https://www.lazada.com.ph/shop-music
Traditional instruments,https://www.lazada.com.ph/shop-traditional-instruments
Woodwind,https://www.lazada.com.ph/shop-woodwind
Dresses,https://www.lazada.com.ph/shop-womens-dresses
Hoodies & Sweatshirts,https://www.lazada.com.ph/shop-womens-hoodies-sweatshirts
Jackets & Coats,https://www.lazada.com.ph/shop-womens-jackets-coats
Jeans,https://www.lazada.com.ph/shop-womens-jeans
Pants & Leggings,https://www.lazada.com.ph/shop-womens-clothing-pants
Shorts,https://www.lazada.com.ph/shop-womens-shorts-pants
Skirts,https://www.lazada.com.ph/shop-womens-skirts
Socks & Tights,https://www.lazada.com.ph/shop-womens-socks-tights
Sweaters & Cardigans,https://www.lazada.com.ph/shop-womens-sweaters-cardigans
Tops,https://www.lazada.com.ph/shop-womens-t-shirt-tops
Boots,https://www.lazada.com.ph/shop-womens-boots
Flat Shoes,https://www.lazada.com.ph/shop-womens-flats
Heels,https://www.lazada.com.ph/shop-womens-heels
Sandals,https://www.lazada.com.ph/shop-womens-sandals
Slides & Flip Flops,https://www.lazada.com.ph/shop-womens-shoes-flip-flops-slides
Sneakers,https://www.lazada.com.ph/shop-womens-sneakers
Wedges,https://www.lazada.com.ph/shop-womens-wedges
Shoes Accessories,https://www.lazada.com.ph/shop-womens-shoes-accessories
Backpacks,https://www.lazada.com.ph/shop-womens-backpacks
Clutches,https://www.lazada.com.ph/shop-womens-clutches
Cross Body & Shoulder Bags,https://www.lazada.com.ph/shop-womens-cross-body-bags
Top-Handle Bags,https://www.lazada.com.ph/shop-womens-top-handle-bags
Tote Bags,https://www.lazada.com.ph/shop-womens-tote-bags
Wristlets,https://www.lazada.com.ph/shop-womens-bags-wristlets
Wallets & Accessories,https://www.lazada.com.ph/shop-womens-wallet
Belts,https://www.lazada.com.ph/shop-womens-belts
Gloves,https://www.lazada.com.ph/shop-womens-accessories-gloves
Hats & Caps,https://www.lazada.com.ph/shop-womens-accessories-hats
Hair Accessories,https://www.lazada.com.ph/shop-womens-hair-accessories
Scarves,https://www.lazada.com.ph/shop-womens-scarves
Umbrellas,https://www.lazada.com.ph/shop-womens-umbrellas
Others,https://www.lazada.com.ph/shop-womens-accessories-others
Bodysuits,https://www.lazada.com.ph/shop-womens-bodysuits
Bras,https://www.lazada.com.ph/shop-womens-bras
Camisoles & Slips,https://www.lazada.com.ph/shop-womens-camisoles-slips
Lingerie Sets,https://www.lazada.com.ph/shop-womens-lingerie-sets
Panties,https://www.lazada.com.ph/shop-womens-panties
Robes,https://www.lazada.com.ph/shop-womens-night-robes
Sexy Lingerie,https://www.lazada.com.ph/shop-womens-sexy-lingerie
Shapewear,https://www.lazada.com.ph/shop-womens-shapewear
Sleep & Loungewear,https://www.lazada.com.ph/shop-womens-nightwear
Accessories,https://www.lazada.com.ph/shop-womens-lingerie-accessories
Baju Kurung,https://www.lazada.com.ph/shop-womens-muslim-baju-kurung
Bottoms,https://www.lazada.com.ph/shop-muslimah-bottoms
Dresses & Jumpsuits,https://www.lazada.com.ph/shop-muslimah-dresses
Hijabs,https://www.lazada.com.ph/shop-hijabs
Outerwear,https://www.lazada.com.ph/shop-muslim-jackets-cardigans
Perlengkapan Shalat,https://www.lazada.com.ph/shop-womens-perlengkapan-shalat
Swimwear,https://www.lazada.com.ph/shop-womens-muslim-swimwear
Tops,https://www.lazada.com.ph/shop-muslimah-tops
Accessories,https://www.lazada.com.ph/shop-womens-muslim-accessories
Bottoms,https://www.lazada.com.ph/shop-girls-clothing-bottoms
Dresses,https://www.lazada.com.ph/shop-dresses-girls
Hoodies,https://www.lazada.com.ph/shop-girls-hoodies-2
Jackets & Coats,https://www.lazada.com.ph/shop-jackets-coats-girls
Socks & Tights,https://www.lazada.com.ph/shop-girls-socks-tights
Swimsuits,https://www.lazada.com.ph/shop-girls-swimsuits
Tops,https://www.lazada.com.ph/shop-girls-shirt-tops
Underwear & Sleepwear,https://www.lazada.com.ph/shop-girls-underwear-sleepwear
Boots,https://www.lazada.com.ph/shop-girls-boots
Flats & Slip-Ons,https://www.lazada.com.ph/shop-girls-flats-slip-on-shoes
Flip Flops & Sandals,https://www.lazada.com.ph/shop-girls-flip-flops-slides-sandals
Formal Shoes,https://www.lazada.com.ph/shop-girls-formal-shoes
Sneakers,https://www.lazada.com.ph/shop-sneakers-girls
Shoes Accessories,https://www.lazada.com.ph/shop-shoes-accessories-girls
Belts,https://www.lazada.com.ph/shop-belts-girls
Gloves & Scarves,https://www.lazada.com.ph/shop-scarves-gloves-girls
Hats & Caps,https://www.lazada.com.ph/shop-caps-hats-girls
Hair Accessories,https://www.lazada.com.ph/shop-girls-hair-accories
Umbrellas & Rainwear,https://www.lazada.com.ph/shop-umbrellas-rainwear-girls
Backpacks,https://www.lazada.com.ph/shop-kids-backpacks
Backpacks Trolley,https://www.lazada.com.ph/shop-kids-backpack-trolleys
Bags,https://www.lazada.com.ph/shop-kids-shoulder-bags
Accessories,https://www.lazada.com.ph/shop-kids-accessories
Casual Tops,https://www.lazada.com.ph/shop-mens-casual-tops
Hoodies & Sweatshirts,https://www.lazada.com.ph/shop-mens-hoodies
Jackets & Coats,https://www.lazada.com.ph/shop-mens-jackets-coats
Jeans,https://www.lazada.com.ph/shop-mens-jeans
Pants,https://www.lazada.com.ph/shop-mens-pants
Polo Shirts,https://www.lazada.com.ph/shop-mens-polo-shirts
Shirts,https://www.lazada.com.ph/shop-mens-shirts
Suits,https://www.lazada.com.ph/shop-mens-suits
Sweaters & Cardigans,https://www.lazada.com.ph/shop-mens-sweaters-cardigans
Underwear,https://www.lazada.com.ph/shop-mens-clothing-underwear
Boots,https://www.lazada.com.ph/shop-mens-boots
Flip Flops & Sandals,https://www.lazada.com.ph/shop-mens-flip-flops-sandals
Formal Shoes,https://www.lazada.com.ph/shop-mens-formal-shoes
Slip-Ons & Loafers,https://www.lazada.com.ph/shop-mens-loafers-slip-on-shoes
Sneakers,https://www.lazada.com.ph/shop-mens-sneakers
Shoes Accessories,https://www.lazada.com.ph/shop-mens-shoes-accessories
Backpacks,https://www.lazada.com.ph/shop-mens-backpacks
Business Bags,https://www.lazada.com.ph/shop-mens-formal-bags
Crossbody Bags,https://www.lazada.com.ph/shop-mens-cross-body-bags
Messenger Bags,https://www.lazada.com.ph/shop-mens-messenger-bags
Tote Bags,https://www.lazada.com.ph/shop-mens-tote-bags
Wallets & Accessories,https://www.lazada.com.ph/shop-mens-wallets-accessories
Belts,https://www.lazada.com.ph/shop-mens-belts
Braces,https://www.lazada.com.ph/shop-mens-braces
Gloves,https://www.lazada.com.ph/shop-mens-gloves
Hats & Caps,https://www.lazada.com.ph/shop-mens-hats
Scarves,https://www.lazada.com.ph/shop-mens-scarves
Socks,https://www.lazada.com.ph/shop-mens-socks
Ties & Bow Ties,https://www.lazada.com.ph/shop-mens-ties-bow-ties
Umbrellas,https://www.lazada.com.ph/shop-mens-umbrellas
Cekak Musang,https://www.lazada.com.ph/shop-mens-cekak-musang
Jubahs,https://www.lazada.com.ph/unuse-category-url-key-273
Shirts,https://www.lazada.com.ph/unuse-category-url-key-267
Telok Belanga,https://www.lazada.com.ph/shop-mens-telok-belanga
Accessories,https://www.lazada.com.ph/unuse-category-url-key-274
Hoodies,https://www.lazada.com.ph/shop-boys-hoodies
Jackets & Coats,https://www.lazada.com.ph/shop-jackets-coats-boys
Pants & Jeans,https://www.lazada.com.ph/shop-pants-jeans-boys
Shorts,https://www.lazada.com.ph/shop-boys-shorts-fashion
Sleepwear,https://www.lazada.com.ph/shop-sleepwear-boys
Sweaters & Cardigans,https://www.lazada.com.ph/shop-sweaters-cardigans-boys
Swimwear,https://www.lazada.com.ph/shop-boy-swimwear
T-Shirts & Shirts,https://www.lazada.com.ph/shop-boys-tshirt-shirts
Underwear & Socks,https://www.lazada.com.ph/shop-boys-underwear-socks
Boots,https://www.lazada.com.ph/shop-boys-boots
Flip Flops & Sandals,https://www.lazada.com.ph/shop-boys-flip-flop-slides-sandals
Formal Shoes,https://www.lazada.com.ph/shop-boys-formal-shoes
Slip-Ons & Loafers,https://www.lazada.com.ph/shop-slip-ons-boys
Sneakers,https://www.lazada.com.ph/shop-sneakers-boys
Shoes Accessories,https://www.lazada.com.ph/shop-shoes-accessories-boys
Belts,https://www.lazada.com.ph/shop-belts-boys
Gloves & Scarves,https://www.lazada.com.ph/shop-boys-scarves-gloves
Hats & Caps,https://www.lazada.com.ph/shop-caps-hats-boys
Umbrellas & Rainwear,https://www.lazada.com.ph/shop-umbrellas-rainwear-boys
Others,https://www.lazada.com.ph/shop-boys-others
Backpacks,https://www.lazada.com.ph/shop-kids-backpacks
Backpacks Trolley,https://www.lazada.com.ph/shop-kids-backpack-trolleys
Bags,https://www.lazada.com.ph/shop-kids-shoulder-bags
Accessories,https://www.lazada.com.ph/shop-kids-accessories
Business Watches,https://www.lazada.com.ph/shop-womens-business-watches
Casual Watches,https://www.lazada.com.ph/shop-womens-casual-watches
Fashion Watches,https://www.lazada.com.ph/shop-womens-fashion-watches
Sports Watches,https://www.lazada.com.ph/shop-womens-sports-watches
Accessories Watches,https://www.lazada.com.ph/shop-womens-watch-accessories
Business Watches,https://www.lazada.com.ph/shop-mens-business-watches
Casual Watches,https://www.lazada.com.ph/shop-mens-casual-watches
Fashion Watches,https://www.lazada.com.ph/shop-mens-fashion-watches
Sports Watches,https://www.lazada.com.ph/shop-mens-sports-watches
Accessories Watches,https://www.lazada.com.ph/shop-mens-watch-accessories
Girls' Watches,https://www.lazada.com.ph/shop-watches-girls
Boys' Watches,https://www.lazada.com.ph/shop-watches-boys
Women's Sunglasses,https://www.lazada.com.ph/shop-womens-sunglasses
Men's Sunglasses,https://www.lazada.com.ph/shop-mens-sunglasses
Kids' Sunglasses,https://www.lazada.com.ph/shop-kids-sunglasses
Women's Eyeglasses,https://www.lazada.com.ph/shop-womens-eyeglasses
Men's Eyeglasses,https://www.lazada.com.ph/shop-mens-eyeglasses
Kids' Eyeglasses,https://www.lazada.com.ph/shop-kids-eyewear
Clear Contact Lens,https://www.lazada.com.ph/shop-clear-lens
Color Contact Lens,https://www.lazada.com.ph/shop-color-lens
Contact Lens Care,https://www.lazada.com.ph/shop-contact-lens-care-accessories
Eye Drops,https://www.lazada.com.ph/shop-eye-drops
Eyewear Case,https://www.lazada.com.ph/shop-eyewear-cases
Eyewear Screwdriver,https://www.lazada.com.ph/shop-eyewear-screwdrivers
Mirror Cloth,https://www.lazada.com.ph/shop-eyewear-mirror-cloth
Fashion Jewellery,https://www.lazada.com.ph/shop-mens-fashion-jewellery
Fine Jewellery,https://www.lazada.com.ph/shop-mens-fine-jewellery
Fashion Jewellery,https://www.lazada.com.ph/shop-womens-fashion-jewellery
Fine Jewellery,https://www.lazada.com.ph/shop-womens-fine-jewellery
Laptop Bags,https://www.lazada.com.ph/shop-laptop-bags-cases
Luggage,https://www.lazada.com.ph/shop-luggage
Travel Bags,https://www.lazada.com.ph/shop-mens-weekender-bags
Travel Accessories,https://www.lazada.com.ph/shop-travel-accessories
Boxing Gloves,https://www.lazada.com.ph/shop-boxing-gloves
Boxing Gym Equipment,https://www.lazada.com.ph/shop-boxing-gym-equipment
Boxing Pads,https://www.lazada.com.ph/shop-boxing-pads
Hand Wraps,https://www.lazada.com.ph/shop-hand-wraps
Kicking Targets,https://www.lazada.com.ph/shop-boxing-martial-arts-mma-kicking-targets
Martial Art Equipment,https://www.lazada.com.ph/shop-martial-arts-equipment
Martial Art Uniform,https://www.lazada.com.ph/shop-martial-arts-uniforms
MMA Gloves,https://www.lazada.com.ph/shop-martial-arts-gloves
Protective Gear,https://www.lazada.com.ph/shop-boxing-martial-arts-mma-protective-gear
Punching Bags & Accessories,https://www.lazada.com.ph/shop-boxing-punching-bags-accessories
Cardio Equipment,https://www.lazada.com.ph/shop-cardio-training-equipment
Fitness Accessories,https://www.lazada.com.ph/shop-fitness-accessories
Pilates,https://www.lazada.com.ph/shop-pilates
Running,https://www.lazada.com.ph/shop-running
Strength Training Equipment,https://www.lazada.com.ph/shop-strength-training-equipment
Weight,https://www.lazada.com.ph/shop-weight-training
Yoga,https://www.lazada.com.ph/shop-yoga
Camping & Hiking,https://www.lazada.com.ph/shop-camping-hiking
Climbing,https://www.lazada.com.ph/shop-climbing
Cycling,https://www.lazada.com.ph/shop-cycling
Fishing,https://www.lazada.com.ph/shop-fishing
Golf,https://www.lazada.com.ph/shop-golf
Inline & Roller Skates,https://www.lazada.com.ph/shop-inline-roller-skates
Scooters,https://www.lazada.com.ph/shop-scooters-ride-ons
Shooting,https://www.lazada.com.ph/shop-shooting
Skateboards,https://www.lazada.com.ph/shop-skateboarding
Badminton Rackets,https://www.lazada.com.ph/shop-racquets-badminton
Badminton Shuttlecocks,https://www.lazada.com.ph/shop-shuttlecocks
Squash,https://www.lazada.com.ph/shop-squash
Table Tennis Balls,https://www.lazada.com.ph/shop-table-tennis-balls
Table Tennis Bats,https://www.lazada.com.ph/shop-table-tennis-bats
Tennis Balls,https://www.lazada.com.ph/shop-tennis-balls
Tennis Rackets,https://www.lazada.com.ph/shop-tennis-racquets
Baseball,https://www.lazada.com.ph/shop-baseball
Basketball,https://www.lazada.com.ph/shop-basketball
Cheerleading,https://www.lazada.com.ph/shop-cheerleading
Cricket,https://www.lazada.com.ph/shop-cricket
Football,https://www.lazada.com.ph/shop-football
Gymnastics,https://www.lazada.com.ph/shop-gymnastics
Hockey,https://www.lazada.com.ph/shop-hockey
Rugby,https://www.lazada.com.ph/shop-rugby
Sepak Takraw,https://www.lazada.com.ph/shop-sepak-takraw
Volleyball,https://www.lazada.com.ph/shop-volleyball
Boarding,https://www.lazada.com.ph/shop-water-sports-boarding
Boating,https://www.lazada.com.ph/shop-water-sports-boating
Diving & Snorkeling,https://www.lazada.com.ph/shop-diving-snorkeling
Dry Bags,https://www.lazada.com.ph/shop-water-sports-dry-bags
Life Jackets,https://www.lazada.com.ph/shop-life-jackets
Swimming,https://www.lazada.com.ph/shop-swimming
Tubing & Towables,https://www.lazada.com.ph/shop-tubes-towables
Cycling Performance Trackers,https://www.lazada.com.ph/shop-cycling-gps-trackers
Fitness Performance Trackers,https://www.lazada.com.ph/shop-exercise-fitness-gps-trackers
Hiking Performance Trackers,https://www.lazada.com.ph/shop-camping-hiking-gps-trackers
Running Performance Trackers,https://www.lazada.com.ph/shop-running-performance-tracker
Swimming Performance Trackers,https://www.lazada.com.ph/shop-swimming-gps-trackers
Straps & Accessories,https://www.lazada.com.ph/shop-straps-accessories-performance-tracker
Air Pumps,https://www.lazada.com.ph/shop-sports-air-pumps
First Aid Kits,https://www.lazada.com.ph/shop-sports-first-aid-kits
Supports & Braces,https://www.lazada.com.ph/shop-sports-support-braces
Water Bottles,https://www.lazada.com.ph/shop-sports-water-bottles
Clothing,https://www.lazada.com.ph/shop-sports-clothing-women
Shoes,https://www.lazada.com.ph/shop-sports-shoes-women
Bags,https://www.lazada.com.ph/shop-womens-sports-bags
Accessories,https://www.lazada.com.ph/shop-sports-clothing-accessories-women
Clothing,https://www.lazada.com.ph/shop-sports-clothing-men
Shoes,https://www.lazada.com.ph/shop-sports-shoes-men
Bags,https://www.lazada.com.ph/shop-mens-sports-bags
Accessories,https://www.lazada.com.ph/shop-sports-clothing-accessories-men
Auto Parts & Spares,https://www.lazada.com.ph/shop-auto-parts-spares
Auto Tools & Equipment,https://www.lazada.com.ph/shop-automotive-tools-equipments
Batteries & Accessories,https://www.lazada.com.ph/shop-automotive-batteries-accessories
GPS,https://www.lazada.com.ph/shop-gps-navigation
Truck Parts & Accessories,https://www.lazada.com.ph/shop-truck-accessories
Air Fresheners,https://www.lazada.com.ph/shop-car-air-fresheners
Consoles & Organizers,https://www.lazada.com.ph/shop-automotive-consoles-organizers
Covers & Accessories,https://www.lazada.com.ph/shop-car-covers
Deflectors & Shields,https://www.lazada.com.ph/shop-car-deflectors-shields
Floor Mats & Cargo Liners,https://www.lazada.com.ph/shop-automotive-floor-mats-cargo-liners
Gauges,https://www.lazada.com.ph/shop-car-gauges
Key Chains,https://www.lazada.com.ph/shop-automotive-key-chains
Steering Wheels & Accessories,https://www.lazada.com.ph/shop-car-steering-wheels-accessories
Sun Protection,https://www.lazada.com.ph/shop-automotive-sun-protection
Towing Products & Winches,https://www.lazada.com.ph/shop-car-towing-products-winches
Amplifiers,https://www.lazada.com.ph/shop-car-amplifiers
Audio & Video Accessories,https://www.lazada.com.ph/shop-auto-audio-video-accessories
Car Audio,https://www.lazada.com.ph/shop-car-audio
Car Stereo Receivers,https://www.lazada.com.ph/shop-car-stereos
Car Video,https://www.lazada.com.ph/shop-car-video
In-Dash DVD & Video ,https://www.lazada.com.ph/shop-in-dash-dvd-video-receivers
Speakers,https://www.lazada.com.ph/shop-car-speakers
Two- Way Radios,https://www.lazada.com.ph/shop-two-way-radios
Vehicle  Cameras,https://www.lazada.com.ph/shop-vehicle-backup-cameras
Additives,https://www.lazada.com.ph/shop-automotive-auto-oils-fluids-additives
Adhesives,https://www.lazada.com.ph/shop-automotive-adhesives
Antifreezes & Coolants,https://www.lazada.com.ph/shop-automotive-antifreezes-coolants
Cleaners,https://www.lazada.com.ph/shop-automotive-cleaners
Flushes,https://www.lazada.com.ph/shop-automotive-flushes
Greases & Lubricants,https://www.lazada.com.ph/shop-automotive-greases-lubricants
Oils,https://www.lazada.com.ph/shop-automotive-oils
Radiator  Protectants,https://www.lazada.com.ph/shop-automotive-radiator-conditioners-protectants
Transmission Fluids,https://www.lazada.com.ph/shop-automotive-transmission-fluids
Windshield Washer Fluids,https://www.lazada.com.ph/shop-automotive-windshield-washer-fluids
Tires,https://www.lazada.com.ph/shop-automotive-wheels-tires-tires
Tire Accessories & Parts,https://www.lazada.com.ph/shop-automotive-tire-accessories-parts
Wheels,https://www.lazada.com.ph/shop-automotive-wheels-tires-wheels
Wheel Accessories & Parts,https://www.lazada.com.ph/shop-vehicle-wheel-accessories
Tire & Wheel Tools,https://www.lazada.com.ph/shop-automotive-wheel-tire-tools
Polishes & Waxes,https://www.lazada.com.ph/shop-automotive-car-polishes-waxes
Waxing Kits,https://www.lazada.com.ph/shop-automotive-polishing-waxing-kits
Cleaners and Kits,https://www.lazada.com.ph/shop-car-care-kits
Finishing,https://www.lazada.com.ph/shop-automotive-finishing
Glass Care,https://www.lazada.com.ph/shop-glass-care
Paints & Primers,https://www.lazada.com.ph/shop-automotive-paints-primers
Polishing & Rubbing Compounds,https://www.lazada.com.ph/shop-automotive-polishing-rubbing-compounds
Sealants,https://www.lazada.com.ph/shop-automotive-sealants
Tire & Wheel Care,https://www.lazada.com.ph/shop-automotive-tire-wheel-care
Water Blades,https://www.lazada.com.ph/shop-automotive-water-blades
ATVs & UTVs,https://www.lazada.com.ph/shop-motorcycle-atvs-utvs
Cruiser Bikes,https://www.lazada.com.ph/shop-motorcycle-cruiser-bikes
Custom Bikes,https://www.lazada.com.ph/shop-motorcycle-custom-bikes
Electric Bikes,https://www.lazada.com.ph/shop-motorcycle-electric-bikes
Offroad Bikes,https://www.lazada.com.ph/shop-motorcycle-offroad-bikes
Scooters,https://www.lazada.com.ph/shop-motorcycle-scooters
Sport Bikes,https://www.lazada.com.ph/shop-motorcycle-sportbikes
Standard Bikes,https://www.lazada.com.ph/shop-motorcycle-standard-bikes
Batteries & Accessories,https://www.lazada.com.ph/shop-moto-batteries-accessories
Electronics,https://www.lazada.com.ph/shop-motorcycle-electronics
Exterior Accessories,https://www.lazada.com.ph/shop-motorcycle-exterior-accessories
Oils & Fluids,https://www.lazada.com.ph/shop-motorcycle-oils-fluids
Parts & Spares,https://www.lazada.com.ph/shop-motorcycle-parts-spares
Tires & Wheels,https://www.lazada.com.ph/shop-motorcycle-tires-wheels
Tools & Maintenance,https://www.lazada.com.ph/shop-motorcycle-tools-maintenance
Trailers for Bikes,https://www.lazada.com.ph/shop-trailers-for-motorcycles
Chest & Back Protectors,https://www.lazada.com.ph/shop-motorcyle-protective-gear
Eyewear,https://www.lazada.com.ph/shop-motorcycle-riding-gear-eyewear
Face Masks,https://www.lazada.com.ph/shop-motorcycle-riding-gear-face-masks
Gloves,https://www.lazada.com.ph/shop-motorcycle-riding-gear-gloves
Helmet,https://www.lazada.com.ph/shop-motorcycle-helmets
Jackets & Vests,https://www.lazada.com.ph/shop-motorcycle-jackets
Jerseys,https://www.lazada.com.ph/shop-motorcycle-riding-gear-jerseys
Knee & Shin Protection,https://www.lazada.com.ph/shop-motorcycle-riding-gear-knee-shin-protection
Rain Jackets,https://www.lazada.com.ph/shop-motorcycle-riding-gear-rain-jackets
Rainwear,https://www.lazada.com.ph/shop-motorcycle-riding-gear-rainwear
