Category Name,Category Url
Kitchen Storage & Accessories,https://www.lazada.com.ph/shop-kitchen-storage
Kitchen Utensils,https://www.lazada.com.ph/shop-kitchen-tools
Knives & Accessories,https://www.lazada.com.ph/shop-kitchen-knives-accessories
Serveware,https://www.lazada.com.ph/shop-serveware
Ceiling Lights,https://www.lazada.com.ph/shop-decorative-ceiling-lights
Floor Lamps,https://www.lazada.com.ph/shop-floor-lamps
Lamp Shades,https://www.lazada.com.ph/shop-lampshades
Light Bulbs,https://www.lazada.com.ph/shop-lighting-bulbs
Lighting Fixtures & Components,https://www.lazada.com.ph/shop-lighting-fixtures-components
Outdoor Lighting,https://www.lazada.com.ph/shop-outdoor-lighting
Rechargeables & Flashlights,https://www.lazada.com.ph/shop-flashlights
Specialty Lighting,https://www.lazada.com.ph/specialty-lighting
Table Lamps,https://www.lazada.com.ph/shop-table-lamps
Wall Lights & Sconces,https://www.lazada.com.ph/shop-wall-lights-sconces
Electrical,https://www.lazada.com.ph/shop-electrical
Fixtures & Plumbing,https://www.lazada.com.ph/shop-plumbing
Hand Tools,https://www.lazada.com.ph/shop-hand-tools
Hardware,https://www.lazada.com.ph/shop-hardware
Ladders & Workbenches,https://www.lazada.com.ph/shop-ladders-workbenches
Lawn & Garden,https://www.lazada.com.ph/shop-lawn-garden
Outdoor,https://www.lazada.com.ph/shop-outdoor
Painting & Decorating,https://www.lazada.com.ph/shop-painting-decorating
Power Tools,https://www.lazada.com.ph/shop-power-tools
Tool Storage & Shelving,https://www.lazada.com.ph/shop-tools-garage-storage
Art Supplies,https://www.lazada.com.ph/shop-art-supplies
Craft Supplies,https://www.lazada.com.ph/shop-craft-supplies
Gifts & Wrapping,https://www.lazada.com.ph/shop-gifts-wrapping
Packaging & Cartons,https://www.lazada.com.ph/shop-packaging-products
Paper Products,https://www.lazada.com.ph/shop-paper-products
School & Office Equipment,https://www.lazada.com.ph/shop-school-supplies
Sewing,https://www.lazada.com.ph/shop-craft-sewing
Writing & Correction,https://www.lazada.com.ph/shop-writing-correction
Calendars,https://www.lazada.com.ph/shop-calendars-online
Chinese Books,https://www.lazada.com.ph/shop-chinese-books
Chinese eBooks,https://www.lazada.com.ph/shop-chinese-ebooks
English Books,https://www.lazada.com.ph/shop-english-books
English eBooks,https://www.lazada.com.ph/shop-english-ebooks
Local Books,https://www.lazada.com.ph/shop-local-books
Local eBooks,https://www.lazada.com.ph/shop-local-ebooks
Magazines,https://www.lazada.com.ph/shop-media-games-music-magazines
Band & Orchestra,https://www.lazada.com.ph/shop-band-orchestra
Bass Guitars,https://www.lazada.com.ph/shop-bass-guitars
"DJ, Karaoke & Electronic Music",https://www.lazada.com.ph/shop-dj-karaoke-electronic-music
Drums & Percussion,https://www.lazada.com.ph/shop-drums-percussion
Guitars,https://www.lazada.com.ph/shop-guitars
Instrument Accessories,https://www.lazada.com.ph/shop-instrument-accessories
Keyboards & Pianos,https://www.lazada.com.ph/shop-keyboards-pianos
Music,https://www.lazada.com.ph/shop-music
Traditional instruments,https://www.lazada.com.ph/shop-traditional-instruments
Woodwind,https://www.lazada.com.ph/shop-woodwind
Dresses,https://www.lazada.com.ph/shop-womens-dresses
Hoodies & Sweatshirts,https://www.lazada.com.ph/shop-womens-hoodies-sweatshirts
Jackets & Coats,https://www.lazada.com.ph/shop-womens-jackets-coats
Jeans,https://www.lazada.com.ph/shop-womens-jeans
Pants & Leggings,https://www.lazada.com.ph/shop-womens-clothing-pants
Shorts,https://www.lazada.com.ph/shop-womens-shorts-pants
Skirts,https://www.lazada.com.ph/shop-womens-skirts
Socks & Tights,https://www.lazada.com.ph/shop-womens-socks-tights
Sweaters & Cardigans,https://www.lazada.com.ph/shop-womens-sweaters-cardigans
Tops,https://www.lazada.com.ph/shop-womens-t-shirt-tops
Boots,https://www.lazada.com.ph/shop-womens-boots
Flat Shoes,https://www.lazada.com.ph/shop-womens-flats
Heels,https://www.lazada.com.ph/shop-womens-heels
Sandals,https://www.lazada.com.ph/shop-womens-sandals
Slides & Flip Flops,https://www.lazada.com.ph/shop-womens-shoes-flip-flops-slides
Sneakers,https://www.lazada.com.ph/shop-womens-sneakers
Wedges,https://www.lazada.com.ph/shop-womens-wedges
Shoes Accessories,https://www.lazada.com.ph/shop-womens-shoes-accessories
Backpacks,https://www.lazada.com.ph/shop-womens-backpacks
Clutches,https://www.lazada.com.ph/shop-womens-clutches
Cross Body & Shoulder Bags,https://www.lazada.com.ph/shop-womens-cross-body-bags
Top-Handle Bags,https://www.lazada.com.ph/shop-womens-top-handle-bags
Tote Bags,https://www.lazada.com.ph/shop-womens-tote-bags
Wristlets,https://www.lazada.com.ph/shop-womens-bags-wristlets
Wallets & Accessories,https://www.lazada.com.ph/shop-womens-wallet
Belts,https://www.lazada.com.ph/shop-womens-belts
Gloves,https://www.lazada.com.ph/shop-womens-accessories-gloves
Hats & Caps,https://www.lazada.com.ph/shop-womens-accessories-hats
Hair Accessories,https://www.lazada.com.ph/shop-womens-hair-accessories
Scarves,https://www.lazada.com.ph/shop-womens-scarves
Umbrellas,https://www.lazada.com.ph/shop-womens-umbrellas
Others,https://www.lazada.com.ph/shop-womens-accessories-others
Bodysuits,https://www.lazada.com.ph/shop-womens-bodysuits
Bras,https://www.lazada.com.ph/shop-womens-bras
Camisoles & Slips,https://www.lazada.com.ph/shop-womens-camisoles-slips
Lingerie Sets,https://www.lazada.com.ph/shop-womens-lingerie-sets
Panties,https://www.lazada.com.ph/shop-womens-panties
Robes,https://www.lazada.com.ph/shop-womens-night-robes
Sexy Lingerie,https://www.lazada.com.ph/shop-womens-sexy-lingerie
Shapewear,https://www.lazada.com.ph/shop-womens-shapewear
Sleep & Loungewear,https://www.lazada.com.ph/shop-womens-nightwear
Accessories,https://www.lazada.com.ph/shop-womens-lingerie-accessories
Baju Kurung,https://www.lazada.com.ph/shop-womens-muslim-baju-kurung
Bottoms,https://www.lazada.com.ph/shop-muslimah-bottoms
Dresses & Jumpsuits,https://www.lazada.com.ph/shop-muslimah-dresses
Hijabs,https://www.lazada.com.ph/shop-hijabs
Outerwear,https://www.lazada.com.ph/shop-muslim-jackets-cardigans
Perlengkapan Shalat,https://www.lazada.com.ph/shop-womens-perlengkapan-shalat
Swimwear,https://www.lazada.com.ph/shop-womens-muslim-swimwear
Tops,https://www.lazada.com.ph/shop-muslimah-tops